,occupation_title,soc_level,occupation_code,occupation_code_prefix
0,Management Occupations,major_group,110000,11
1,Business and Financial Operations Occupations,major_group,130000,13
2,Computer and Mathematical Occupations,major_group,150000,15
3,Architecture and Engineering Occupations,major_group,170000,17
4,"Life, Physical, and Social Science Occupations",major_group,190000,19
5,Community and Social Service Occupations,major_group,210000,21
6,Legal Occupations,major_group,230000,23
7,Educational Instruction and Library Occupations,major_group,250000,25
8,"Arts, Design, Entertainment, Sports, and Media Occupations",major_group,270000,27
9,Healthcare Practitioners and Technical Occupations,major_group,290000,29
10,Healthcare Support Occupations,major_group,310000,31
11,Protective Service Occupations,major_group,330000,33
12,Food Preparation and Serving Related Occupations,major_group,350000,35
13,Building and Grounds Cleaning and Maintenance Occupations,major_group,370000,37
14,Personal Care and Service Occupations,major_group,390000,39
15,Sales and Related Occupations,major_group,410000,41
16,Office and Administrative Support Occupations,major_group,430000,43
17,"Farming, Fishing, and Forestry Occupations",major_group,450000,45
18,Construction and Extraction Occupations,major_group,470000,47
19,"Installation, Maintenance, and Repair Occupations",major_group,490000,49
20,Production Occupations,major_group,510000,51
21,Transportation and Material Moving Occupations,major_group,530000,53
22,Military Specific Occupations,major_group,550000,55
23,Top Executives,minor_group,111000,11
24,"Advertising, Marketing, Promotions, Public Relations, and Sales Managers",minor_group,112000,11
25,Operations Specialties Managers,minor_group,113000,11
26,Other Management Occupations,minor_group,119000,11
27,Business Operations Specialists,minor_group,131000,13
28,Financial Specialists,minor_group,132000,13
29,Computer Occupations,minor_group,151200,15
30,Mathematical Science Occupations,minor_group,152000,15
31,"Architects, Surveyors, and Cartographers",minor_group,171000,17
32,Engineers,minor_group,172000,17
33,"Drafters, Engineering Technicians, and Mapping Technicians",minor_group,173000,17
34,Life Scientists,minor_group,191000,19
35,Physical Scientists,minor_group,192000,19
36,Social Scientists and Related Workers,minor_group,193000,19
37,"Life, Physical, and Social Science Technicians",minor_group,194000,19
38,Occupational Health and Safety Specialists and Technicians,minor_group,195000,19
39,"Counselors, Social Workers, and Other Community and Social Service Specialists",minor_group,211000,21
40,Religious Workers,minor_group,212000,21
41,"Lawyers, Judges, and Related Workers",minor_group,231000,23
42,Legal Support Workers,minor_group,232000,23
43,Postsecondary Teachers,minor_group,251000,25
44,"Preschool, Elementary, Middle, Secondary, and Special Education Teachers",minor_group,252000,25
45,Other Teachers and Instructors,minor_group,253000,25
46,"Librarians, Curators, and Archivists",minor_group,254000,25
47,Other Educational Instruction and Library Occupations,minor_group,259000,25
48,Art and Design Workers,minor_group,271000,27
49,"Entertainers and Performers, Sports and Related Workers",minor_group,272000,27
50,Media and Communication Workers,minor_group,273000,27
51,Media and Communication Equipment Workers,minor_group,274000,27
52,Healthcare Diagnosing or Treating Practitioners,minor_group,291000,29
53,Health Technologists and Technicians,minor_group,292000,29
54,Other Healthcare Practitioners and Technical Occupations,minor_group,299000,29
55,"Home Health and Personal Care Aides; and Nursing Assistants, Orderlies, and Psychiatric Aides",minor_group,311100,31
56,Occupational Therapy and Physical Therapist Assistants and Aides,minor_group,312000,31
57,Other Healthcare Support Occupations,minor_group,319000,31
58,Supervisors of Protective Service Workers,minor_group,331000,33
59,Firefighting and Prevention Workers,minor_group,332000,33
60,Law Enforcement Workers,minor_group,333000,33
61,Other Protective Service Workers,minor_group,339000,33
62,Supervisors of Food Preparation and Serving Workers,minor_group,351000,35
63,Cooks and Food Preparation Workers,minor_group,352000,35
64,Food and Beverage Serving Workers,minor_group,353000,35
65,Other Food Preparation and Serving Related Workers,minor_group,359000,35
66,Supervisors of Building and Grounds Cleaning and Maintenance Workers,minor_group,371000,37
67,Building Cleaning and Pest Control Workers,minor_group,372000,37
68,Grounds Maintenance Workers,minor_group,373000,37
69,Supervisors of Personal Care and Service Workers,minor_group,391000,39
70,Animal Care and Service Workers,minor_group,392000,39
71,Entertainment Attendants and Related Workers,minor_group,393000,39
72,Funeral Service Workers,minor_group,394000,39
73,Personal Appearance Workers,minor_group,395000,39
74,"Baggage Porters, Bellhops, and Concierges",minor_group,396000,39
75,Tour and Travel Guides,minor_group,397000,39
76,Other Personal Care and Service Workers,minor_group,399000,39
77,Supervisors of Sales Workers,minor_group,411000,41
78,Retail Sales Workers,minor_group,412000,41
79,"Sales Representatives, Services",minor_group,413000,41
80,"Sales Representatives, Wholesale and Manufacturing",minor_group,414000,41
81,Other Sales and Related Workers,minor_group,419000,41
82,Supervisors of Office and Administrative Support Workers,minor_group,431000,43
83,Communications Equipment Operators,minor_group,432000,43
84,Financial Clerks,minor_group,433000,43
85,Information and Record Clerks,minor_group,434000,43
86,"Material Recording, Scheduling, Dispatching, and Distributing Workers",minor_group,435000,43
87,Secretaries and Administrative Assistants,minor_group,436000,43
88,Other Office and Administrative Support Workers,minor_group,439000,43
89,"Supervisors of Farming, Fishing, and Forestry Workers",minor_group,451000,45
90,Agricultural Workers,minor_group,452000,45
91,Fishing and Hunting Workers,minor_group,453000,45
92,"Forest, Conservation, and Logging Workers",minor_group,454000,45
93,Supervisors of Construction and Extraction Workers,minor_group,471000,47
94,Construction Trades Workers,minor_group,472000,47
95,"Helpers, Construction Trades",minor_group,473000,47
96,Other Construction and Related Workers,minor_group,474000,47
97,Extraction Workers,minor_group,475000,47
98,"Supervisors of Installation, Maintenance, and Repair Workers",minor_group,491000,49
99,"Electrical and Electronic Equipment Mechanics, Installers, and Repairers",minor_group,492000,49
100,"Vehicle and Mobile Equipment Mechanics, Installers, and Repairers",minor_group,493000,49
101,"Other Installation, Maintenance, and Repair Occupations",minor_group,499000,49
102,Supervisors of Production Workers,minor_group,511000,51
103,Assemblers and Fabricators,minor_group,512000,51
104,Food Processing Workers,minor_group,513000,51
105,Metal Workers and Plastic Workers,minor_group,514000,51
106,Printing Workers,minor_group,515100,51
107,"Textile, Apparel, and Furnishings Workers",minor_group,516000,51
108,Woodworkers,minor_group,517000,51
109,Plant and System Operators,minor_group,518000,51
110,Other Production Occupations,minor_group,519000,51
111,Supervisors of Transportation and Material Moving Workers,minor_group,531000,53
112,Air Transportation Workers,minor_group,532000,53
113,Motor Vehicle Operators,minor_group,533000,53
114,Rail Transportation Workers,minor_group,534000,53
115,Water Transportation Workers,minor_group,535000,53
116,Other Transportation Workers,minor_group,536000,53
117,Material Moving Workers,minor_group,537000,53
118,Military Officer Special and Tactical Operations Leaders,minor_group,551000,55
119,First-Line Enlisted Military Supervisors,minor_group,552000,55
120,Military Enlisted Tactical Operations and Air/Weapons Specialists and Crew Members,minor_group,553000,55
121,Chief Executives,broad_group,111010,11
122,General and Operations Managers,broad_group,111020,11
123,Legislators,broad_group,111030,11
124,Advertising and Promotions Managers,broad_group,112010,11
125,Marketing and Sales Managers,broad_group,112020,11
126,Public Relations and Fundraising Managers,broad_group,112030,11
127,Administrative Services and Facilities Managers,broad_group,113010,11
128,Computer and Information Systems Managers,broad_group,113020,11
129,Financial Managers,broad_group,113030,11
130,Industrial Production Managers,broad_group,113050,11
131,Purchasing Managers,broad_group,113060,11
132,"Transportation, Storage, and Distribution Managers",broad_group,113070,11
133,Compensation and Benefits Managers,broad_group,113110,11
134,Human Resources Managers,broad_group,113120,11
135,Training and Development Managers,broad_group,113130,11
136,"Farmers, Ranchers, and Other Agricultural Managers",broad_group,119010,11
137,Construction Managers,broad_group,119020,11
138,Education and Childcare Administrators,broad_group,119030,11
139,Architectural and Engineering Managers,broad_group,119040,11
140,Food Service Managers,broad_group,119050,11
141,Entertainment and Recreation Managers,broad_group,119070,11
142,Lodging Managers,broad_group,119080,11
143,Medical and Health Services Managers,broad_group,119110,11
144,Natural Sciences Managers,broad_group,119120,11
145,Postmasters and Mail Superintendents,broad_group,119130,11
146,"Property, Real Estate, and Community Association Managers",broad_group,119140,11
147,Social and Community Service Managers,broad_group,119150,11
148,Emergency Management Directors,broad_group,119160,11
149,Personal Service Managers,broad_group,119170,11
150,Miscellaneous Managers,broad_group,119190,11
151,"Agents and Business Managers of Artists, Performers, and Athletes",broad_group,131010,13
152,Buyers and Purchasing Agents,broad_group,131020,13
153,"Claims Adjusters, Appraisers, Examiners, and Investigators",broad_group,131030,13
154,Compliance Officers,broad_group,131040,13
155,Cost Estimators,broad_group,131050,13
156,Human Resources Workers,broad_group,131070,13
157,Logisticians and Project Management Specialists,broad_group,131080,13
158,Management Analysts,broad_group,131110,13
159,"Meeting, Convention, and Event Planners",broad_group,131120,13
160,Fundraisers,broad_group,131130,13
161,"Compensation, Benefits, and Job Analysis Specialists",broad_group,131140,13
162,Training and Development Specialists,broad_group,131150,13
163,Market Research Analysts and Marketing Specialists,broad_group,131160,13
164,Miscellaneous Business Operations Specialists,broad_group,131190,13
165,Accountants and Auditors,broad_group,132010,13
166,Property Appraisers and Assessors,broad_group,132020,13
167,Budget Analysts,broad_group,132030,13
168,Credit Analysts,broad_group,132040,13
169,Financial Analysts and Advisors,broad_group,132050,13
170,Financial Examiners,broad_group,132060,13
171,Credit Counselors and Loan Officers,broad_group,132070,13
172,"Tax Examiners, Collectors and Preparers, and Revenue Agents",broad_group,132080,13
173,Miscellaneous Financial Specialists,broad_group,132090,13
174,Computer and Information Analysts,broad_group,151210,15
175,Computer and Information Research Scientists,broad_group,151220,15
176,Computer Support Specialists,broad_group,151230,15
177,Database and Network Administrators and Architects,broad_group,151240,15
178,"Software and Web Developers, Programmers, and Testers",broad_group,151250,15
179,Miscellaneous Computer Occupations,broad_group,151290,15
180,Actuaries,broad_group,152010,15
181,Mathematicians,broad_group,152020,15
182,Operations Research Analysts,broad_group,152030,15
183,Statisticians,broad_group,152040,15
184,Data Scientists,broad_group,152050,15
185,Miscellaneous Mathematical Science Occupations,broad_group,152090,15
186,"Architects, Except Naval",broad_group,171010,17
187,"Surveyors, Cartographers, and Photogrammetrists",broad_group,171020,17
188,Aerospace Engineers,broad_group,172010,17
189,Agricultural Engineers,broad_group,172020,17
190,Bioengineers and Biomedical Engineers,broad_group,172030,17
191,Chemical Engineers,broad_group,172040,17
192,Civil Engineers,broad_group,172050,17
193,Computer Hardware Engineers,broad_group,172060,17
194,Electrical and Electronics Engineers,broad_group,172070,17
195,Environmental Engineers,broad_group,172080,17
196,"Industrial Engineers, Including Health and Safety",broad_group,172110,17
197,Marine Engineers and Naval Architects,broad_group,172120,17
198,Materials Engineers,broad_group,172130,17
199,Mechanical Engineers,broad_group,172140,17
200,"Mining and Geological Engineers, Including Mining Safety Engineers",broad_group,172150,17
201,Nuclear Engineers,broad_group,172160,17
202,Petroleum Engineers,broad_group,172170,17
203,Miscellaneous Engineers,broad_group,172190,17
204,Drafters,broad_group,173010,17
205,"Engineering Technologists and Technicians, Except Drafters",broad_group,173020,17
206,Surveying and Mapping Technicians,broad_group,173030,17
207,Agricultural and Food Scientists,broad_group,191010,19
208,Biological Scientists,broad_group,191020,19
209,Conservation Scientists and Foresters,broad_group,191030,19
210,Medical Scientists,broad_group,191040,19
211,Miscellaneous Life Scientists,broad_group,191090,19
212,Astronomers and Physicists,broad_group,192010,19
213,Atmospheric and Space Scientists,broad_group,192020,19
214,Chemists and Materials Scientists,broad_group,192030,19
215,Environmental Scientists and Geoscientists,broad_group,192040,19
216,Miscellaneous Physical Scientists,broad_group,192090,19
217,Economists,broad_group,193010,19
218,Survey Researchers,broad_group,193020,19
219,Psychologists,broad_group,193030,19
220,Sociologists,broad_group,193040,19
221,Urban and Regional Planners,broad_group,193050,19
222,Miscellaneous Social Scientists and Related Workers,broad_group,193090,19
223,Agricultural and Food Science Technicians,broad_group,194010,19
224,Biological Technicians,broad_group,194020,19
225,Chemical Technicians,broad_group,194030,19
226,Environmental Science and Geoscience Technicians,broad_group,194040,19
227,Nuclear Technicians,broad_group,194050,19
228,Social Science Research Assistants,broad_group,194060,19
229,Forest and Conservation Technicians,broad_group,194070,19
230,"Miscellaneous Life, Physical, and Social Science Technicians",broad_group,194090,19
231,Occupational Health and Safety Specialists and Technicians,broad_group,195010,19
232,Counselors,broad_group,211010,21
233,Social Workers,broad_group,211020,21
234,Miscellaneous Community and Social Service Specialists,broad_group,211090,21
235,Clergy,broad_group,212010,21
236,"Directors, Religious Activities and Education",broad_group,212020,21
237,Miscellaneous Religious Workers,broad_group,212090,21
238,Lawyers and Judicial Law Clerks,broad_group,231010,23
239,"Judges, Magistrates, and Other Judicial Workers",broad_group,231020,23
240,Paralegals and Legal Assistants,broad_group,232010,23
241,Miscellaneous Legal Support Workers,broad_group,232090,23
242,"Business Teachers, Postsecondary",broad_group,251010,25
243,"Math and Computer Science Teachers, Postsecondary",broad_group,251020,25
244,"Engineering and Architecture Teachers, Postsecondary",broad_group,251030,25
245,"Life Sciences Teachers, Postsecondary",broad_group,251040,25
246,"Physical Sciences Teachers, Postsecondary",broad_group,251050,25
247,"Social Sciences Teachers, Postsecondary",broad_group,251060,25
248,"Health Teachers, Postsecondary",broad_group,251070,25
249,"Education and Library Science Teachers, Postsecondary",broad_group,251080,25
250,"Law, Criminal Justice, and Social Work Teachers, Postsecondary",broad_group,251110,25
251,"Arts, Communications, History, and Humanities Teachers, Postsecondary",broad_group,251120,25
252,Miscellaneous Postsecondary Teachers,broad_group,251190,25
253,Preschool and Kindergarten Teachers,broad_group,252010,25
254,Elementary and Middle School Teachers,broad_group,252020,25
255,Secondary School Teachers,broad_group,252030,25
256,Special Education Teachers,broad_group,252050,25
257,"Adult Basic Education, Adult Secondary Education, and English as a Second Language Instructors",broad_group,253010,25
258,Self-Enrichment Teachers,broad_group,253020,25
259,"Substitute Teachers, Short-Term",broad_group,253030,25
260,Tutors,broad_group,253040,25
261,Miscellaneous Teachers and Instructors,broad_group,253090,25
262,"Archivists, Curators, and Museum Technicians",broad_group,254010,25
263,Librarians and Media Collections Specialists,broad_group,254020,25
264,Library Technicians,broad_group,254030,25
265,Farm and Home Management Educators,broad_group,259020,25
266,Instructional Coordinators,broad_group,259030,25
267,Teaching Assistants,broad_group,259040,25
268,Miscellaneous Educational Instruction and Library Workers,broad_group,259090,25
269,Artists and Related Workers,broad_group,271010,27
270,Designers,broad_group,271020,27
271,"Actors, Producers, and Directors",broad_group,272010,27
272,"Athletes, Coaches, Umpires, and Related Workers",broad_group,272020,27
273,Dancers and Choreographers,broad_group,272030,27
274,"Musicians, Singers, and Related Workers",broad_group,272040,27
275,"Miscellaneous Entertainers and Performers, Sports and Related Workers",broad_group,272090,27
276,Broadcast Announcers and Radio Disc Jockeys,broad_group,273010,27
277,"News Analysts, Reporters and Journalists",broad_group,273020,27
278,Public Relations Specialists,broad_group,273030,27
279,Writers and Editors,broad_group,273040,27
280,Miscellaneous Media and Communication Workers,broad_group,273090,27
281,"Broadcast, Sound, and Lighting Technicians",broad_group,274010,27
282,Photographers,broad_group,274020,27
283,"Television, Video, and Film Camera Operators and Editors",broad_group,274030,27
284,Miscellaneous Media and Communication Equipment Workers,broad_group,274090,27
285,Chiropractors,broad_group,291010,29
286,Dentists,broad_group,291020,29
287,Dietitians and Nutritionists,broad_group,291030,29
288,Optometrists,broad_group,291040,29
289,Pharmacists,broad_group,291050,29
290,Physician Assistants,broad_group,291070,29
291,Podiatrists,broad_group,291080,29
292,Therapists,broad_group,291120,29
293,Veterinarians,broad_group,291130,29
294,Registered Nurses,broad_group,291140,29
295,Nurse Anesthetists,broad_group,291150,29
296,Nurse Midwives,broad_group,291160,29
297,Nurse Practitioners,broad_group,291170,29
298,Audiologists,broad_group,291180,29
299,Physicians,broad_group,291210,29
300,Surgeons,broad_group,291240,29
301,Miscellaneous Healthcare Diagnosing or Treating Practitioners,broad_group,291290,29
302,Clinical Laboratory Technologists and Technicians,broad_group,292010,29
303,Diagnostic Related Technologists and Technicians,broad_group,292030,29
304,Emergency Medical Technicians and Paramedics,broad_group,292040,29
305,Health Practitioner Support Technologists and Technicians,broad_group,292050,29
306,Licensed Practical and Licensed Vocational Nurses,broad_group,292060,29
307,Medical Records Specialists,broad_group,292070,29
308,"Opticians, Dispensing",broad_group,292080,29
309,Miscellaneous Health Technologists and Technicians,broad_group,292090,29
310,Health Information Technologists and Medical Registrars,broad_group,299020,29
311,Miscellaneous Health Practitioners and Technical Workers,broad_group,299090,29
312,Home Health and Personal Care Aides,broad_group,311120,31
313,"Nursing Assistants, Orderlies, and Psychiatric Aides",broad_group,311130,31
314,Occupational Therapy Assistants and Aides,broad_group,312010,31
315,Physical Therapist Assistants and Aides,broad_group,312020,31
316,Massage Therapists,broad_group,319010,31
317,Miscellaneous Healthcare Support Occupations,broad_group,319090,31
318,First-Line Supervisors of Law Enforcement Workers,broad_group,331010,33
319,First-Line Supervisors of Firefighting and Prevention Workers,broad_group,331020,33
320,"Miscellaneous First-Line Supervisors, Protective Service Workers",broad_group,331090,33
321,Firefighters,broad_group,332010,33
322,Fire Inspectors,broad_group,332020,33
323,"Bailiffs, Correctional Officers, and Jailers",broad_group,333010,33
324,Detectives and Criminal Investigators,broad_group,333020,33
325,Fish and Game Wardens,broad_group,333030,33
326,Parking Enforcement Workers,broad_group,333040,33
327,Police Officers,broad_group,333050,33
328,Animal Control Workers,broad_group,339010,33
329,Private Detectives and Investigators,broad_group,339020,33
330,Security Guards and Gambling Surveillance Officers,broad_group,339030,33
331,Miscellaneous Protective Service Workers,broad_group,339090,33
332,Supervisors of Food Preparation and Serving Workers,broad_group,351010,35
333,Cooks,broad_group,352010,35
334,Food Preparation Workers,broad_group,352020,35
335,Bartenders,broad_group,353010,35
336,Fast Food and Counter Workers,broad_group,353020,35
337,Waiters and Waitresses,broad_group,353030,35
338,"Food Servers, Nonrestaurant",broad_group,353040,35
339,Dining Room and Cafeteria Attendants and Bartender Helpers,broad_group,359010,35
340,Dishwashers,broad_group,359020,35
341,"Hosts and Hostesses, Restaurant, Lounge, and Coffee Shop",broad_group,359030,35
342,Miscellaneous Food Preparation and Serving Related Workers,broad_group,359090,35
343,First-Line Supervisors of Building and Grounds Cleaning and Maintenance Workers,broad_group,371010,37
344,Building Cleaning Workers,broad_group,372010,37
345,Pest Control Workers,broad_group,372020,37
346,Grounds Maintenance Workers,broad_group,373010,37
347,First-Line Supervisors of Entertainment and Recreation Workers,broad_group,391010,39
348,First-Line Supervisors of Personal Service Workers,broad_group,391020,39
349,Animal Trainers,broad_group,392010,39
350,Animal Caretakers,broad_group,392020,39
351,Gambling Services Workers,broad_group,393010,39
352,Motion Picture Projectionists,broad_group,393020,39
353,"Ushers, Lobby Attendants, and Ticket Takers",broad_group,393030,39
354,Miscellaneous Entertainment Attendants and Related Workers,broad_group,393090,39
355,Embalmers and Crematory Operators,broad_group,394010,39
356,Funeral Attendants,broad_group,394020,39
357,"Morticians, Undertakers, and Funeral Arrangers",broad_group,394030,39
358,"Barbers, Hairdressers, Hairstylists and Cosmetologists",broad_group,395010,39
359,Miscellaneous Personal Appearance Workers,broad_group,395090,39
360,"Baggage Porters, Bellhops, and Concierges",broad_group,396010,39
361,Tour and Travel Guides,broad_group,397010,39
362,Childcare Workers,broad_group,399010,39
363,Recreation and Fitness Workers,broad_group,399030,39
364,Residential Advisors,broad_group,399040,39
365,Miscellaneous Personal Care and Service Workers,broad_group,399090,39
366,First-Line Supervisors of Sales Workers,broad_group,411010,41
367,Cashiers,broad_group,412010,41
368,Counter and Rental Clerks and Parts Salespersons,broad_group,412020,41
369,Retail Salespersons,broad_group,412030,41
370,Advertising Sales Agents,broad_group,413010,41
371,Insurance Sales Agents,broad_group,413020,41
372,"Securities, Commodities, and Financial Services Sales Agents",broad_group,413030,41
373,Travel Agents,broad_group,413040,41
374,"Miscellaneous Sales Representatives, Services",broad_group,413090,41
375,"Sales Representatives, Wholesale and Manufacturing",broad_group,414010,41
376,"Models, Demonstrators, and Product Promoters",broad_group,419010,41
377,Real Estate Brokers and Sales Agents,broad_group,419020,41
378,Sales Engineers,broad_group,419030,41
379,Telemarketers,broad_group,419040,41
380,Miscellaneous Sales and Related Workers,broad_group,419090,41
381,First-Line Supervisors of Office and Administrative Support Workers,broad_group,431010,43
382,"Switchboard Operators, Including Answering Service",broad_group,432010,43
383,Telephone Operators,broad_group,432020,43
384,Miscellaneous Communications Equipment Operators,broad_group,432090,43
385,Bill and Account Collectors,broad_group,433010,43
386,Billing and Posting Clerks,broad_group,433020,43
387,"Bookkeeping, Accounting, and Auditing Clerks",broad_group,433030,43
388,Gambling Cage Workers,broad_group,433040,43
389,Payroll and Timekeeping Clerks,broad_group,433050,43
390,Procurement Clerks,broad_group,433060,43
391,Tellers,broad_group,433070,43
392,Miscellaneous Financial Clerks,broad_group,433090,43
393,Brokerage Clerks,broad_group,434010,43
394,Correspondence Clerks,broad_group,434020,43
395,"Court, Municipal, and License Clerks",broad_group,434030,43
396,"Credit Authorizers, Checkers, and Clerks",broad_group,434040,43
397,Customer Service Representatives,broad_group,434050,43
398,"Eligibility Interviewers, Government Programs",broad_group,434060,43
399,File Clerks,broad_group,434070,43
400,"Hotel, Motel, and Resort Desk Clerks",broad_group,434080,43
401,"Interviewers, Except Eligibility and Loan",broad_group,434110,43
402,"Library Assistants, Clerical",broad_group,434120,43
403,Loan Interviewers and Clerks,broad_group,434130,43
404,New Accounts Clerks,broad_group,434140,43
405,Order Clerks,broad_group,434150,43
406,"Human Resources Assistants, Except Payroll and Timekeeping",broad_group,434160,43
407,Receptionists and Information Clerks,broad_group,434170,43
408,Reservation and Transportation Ticket Agents and Travel Clerks,broad_group,434180,43
409,Miscellaneous Information and Record Clerks,broad_group,434190,43
410,Cargo and Freight Agents,broad_group,435010,43
411,Couriers and Messengers,broad_group,435020,43
412,Dispatchers,broad_group,435030,43
413,"Meter Readers, Utilities",broad_group,435040,43
414,Postal Service Workers,broad_group,435050,43
415,"Production, Planning, and Expediting Clerks",broad_group,435060,43
416,"Shipping, Receiving, and Inventory Clerks",broad_group,435070,43
417,"Weighers, Measurers, Checkers, and Samplers, Recordkeeping",broad_group,435110,43
418,Secretaries and Administrative Assistants,broad_group,436010,43
419,Data Entry and Information Processing Workers,broad_group,439020,43
420,Desktop Publishers,broad_group,439030,43
421,Insurance Claims and Policy Processing Clerks,broad_group,439040,43
422,"Mail Clerks and Mail Machine Operators, Except Postal Service",broad_group,439050,43
423,"Office Clerks, General",broad_group,439060,43
424,"Office Machine Operators, Except Computer",broad_group,439070,43
425,Proofreaders and Copy Markers,broad_group,439080,43
426,Statistical Assistants,broad_group,439110,43
427,Miscellaneous Office and Administrative Support Workers,broad_group,439190,43
428,"First-Line Supervisors of Farming, Fishing, and Forestry Workers",broad_group,451010,45
429,Agricultural Inspectors,broad_group,452010,45
430,Animal Breeders,broad_group,452020,45
431,"Graders and Sorters, Agricultural Products",broad_group,452040,45
432,Miscellaneous Agricultural Workers,broad_group,452090,45
433,Fishing and Hunting Workers,broad_group,453030,45
434,Forest and Conservation Workers,broad_group,454010,45
435,Logging Workers,broad_group,454020,45
436,First-Line Supervisors of Construction Trades and Extraction Workers,broad_group,471010,47
437,Boilermakers,broad_group,472010,47
438,"Brickmasons, Blockmasons, and Stonemasons",broad_group,472020,47
439,Carpenters,broad_group,472030,47
440,"Carpet, Floor, and Tile Installers and Finishers",broad_group,472040,47
441,"Cement Masons, Concrete Finishers, and Terrazzo Workers",broad_group,472050,47
442,Construction Laborers,broad_group,472060,47
443,Construction Equipment Operators,broad_group,472070,47
444,"Drywall Installers, Ceiling Tile Installers, and Tapers",broad_group,472080,47
445,Electricians,broad_group,472110,47
446,Glaziers,broad_group,472120,47
447,Insulation Workers,broad_group,472130,47
448,Painters and Paperhangers,broad_group,472140,47
449,"Pipelayers, Plumbers, Pipefitters, and Steamfitters",broad_group,472150,47
450,Plasterers and Stucco Masons,broad_group,472160,47
451,Reinforcing Iron and Rebar Workers,broad_group,472170,47
452,Roofers,broad_group,472180,47
453,Sheet Metal Workers,broad_group,472210,47
454,Structural Iron and Steel Workers,broad_group,472220,47
455,Solar Photovoltaic Installers,broad_group,472230,47
456,"Helpers, Construction Trades",broad_group,473010,47
457,Construction and Building Inspectors,broad_group,474010,47
458,Elevator and Escalator Installers and Repairers,broad_group,474020,47
459,Fence Erectors,broad_group,474030,47
460,Hazardous Materials Removal Workers,broad_group,474040,47
461,Highway Maintenance Workers,broad_group,474050,47
462,Rail-Track Laying and Maintenance Equipment Operators,broad_group,474060,47
463,Septic Tank Servicers and Sewer Pipe Cleaners,broad_group,474070,47
464,Miscellaneous Construction and Related Workers,broad_group,474090,47
465,"Derrick, Rotary Drill, and Service Unit Operators, Oil and Gas",broad_group,475010,47
466,Surface Mining Machine Operators and Earth Drillers,broad_group,475020,47
467,"Explosives Workers, Ordnance Handling Experts, and Blasters",broad_group,475030,47
468,Underground Mining Machine Operators,broad_group,475040,47
469,"Rock Splitters, Quarry",broad_group,475050,47
470,"Roustabouts, Oil and Gas",broad_group,475070,47
471,Helpers--Extraction Workers,broad_group,475080,47
472,Miscellaneous Extraction Workers,broad_group,475090,47
473,"First-Line Supervisors of Mechanics, Installers, and Repairers",broad_group,491010,49
474,"Computer, Automated Teller, and Office Machine Repairers",broad_group,492010,49
475,Radio and Telecommunications Equipment Installers and Repairers,broad_group,492020,49
476,"Miscellaneous Electrical and Electronic Equipment Mechanics, Installers, and Repairers",broad_group,492090,49
477,Aircraft Mechanics and Service Technicians,broad_group,493010,49
478,Automotive Technicians and Repairers,broad_group,493020,49
479,Bus and Truck Mechanics and Diesel Engine Specialists,broad_group,493030,49
480,Heavy Vehicle and Mobile Equipment Service Technicians and Mechanics,broad_group,493040,49
481,Small Engine Mechanics,broad_group,493050,49
482,"Miscellaneous Vehicle and Mobile Equipment Mechanics, Installers, and Repairers",broad_group,493090,49
483,Control and Valve Installers and Repairers,broad_group,499010,49
484,"Heating, Air Conditioning, and Refrigeration Mechanics and Installers",broad_group,499020,49
485,Home Appliance Repairers,broad_group,499030,49
486,"Industrial Machinery Installation, Repair, and Maintenance Workers",broad_group,499040,49
487,Line Installers and Repairers,broad_group,499050,49
488,Precision Instrument and Equipment Repairers,broad_group,499060,49
489,"Maintenance and Repair Workers, General",broad_group,499070,49
490,Wind Turbine Service Technicians,broad_group,499080,49
491,"Miscellaneous Installation, Maintenance, and Repair Workers",broad_group,499090,49
492,First-Line Supervisors of Production and Operating Workers,broad_group,511010,51
493,"Aircraft Structure, Surfaces, Rigging, and Systems Assemblers",broad_group,512010,51
494,"Electrical, Electronics, and Electromechanical Assemblers",broad_group,512020,51
495,Engine and Other Machine Assemblers,broad_group,512030,51
496,Structural Metal Fabricators and Fitters,broad_group,512040,51
497,Fiberglass Laminators and Fabricators,broad_group,512050,51
498,Timing Device Assemblers and Adjusters,broad_group,512060,51
499,Miscellaneous Assemblers and Fabricators,broad_group,512090,51
500,Bakers,broad_group,513010,51
501,"Butchers and Other Meat, Poultry, and Fish Processing Workers",broad_group,513020,51
502,Miscellaneous Food Processing Workers,broad_group,513090,51
503,"Forming Machine Setters, Operators, and Tenders, Metal and Plastic",broad_group,514020,51
504,"Machine Tool Cutting Setters, Operators, and Tenders, Metal and Plastic",broad_group,514030,51
505,Machinists,broad_group,514040,51
506,"Metal Furnace Operators, Tenders, Pourers, and Casters",broad_group,514050,51
507,"Model Makers and Patternmakers, Metal and Plastic",broad_group,514060,51
508,"Molders and Molding Machine Setters, Operators, and Tenders, Metal and Plastic",broad_group,514070,51
509,"Multiple Machine Tool Setters, Operators, and Tenders, Metal and Plastic",broad_group,514080,51
510,Tool and Die Makers,broad_group,514110,51
511,"Welding, Soldering, and Brazing Workers",broad_group,514120,51
512,Miscellaneous Metal Workers and Plastic Workers,broad_group,514190,51
513,Printing Workers,broad_group,515110,51
514,Laundry and Dry-Cleaning Workers,broad_group,516010,51
515,"Pressers, Textile, Garment, and Related Materials",broad_group,516020,51
516,Sewing Machine Operators,broad_group,516030,51
517,Shoe and Leather Workers,broad_group,516040,51
518,"Tailors, Dressmakers, and Sewers",broad_group,516050,51
519,"Textile Machine Setters, Operators, and Tenders",broad_group,516060,51
520,"Miscellaneous Textile, Apparel, and Furnishings Workers",broad_group,516090,51
521,Cabinetmakers and Bench Carpenters,broad_group,517010,51
522,Furniture Finishers,broad_group,517020,51
523,"Model Makers and Patternmakers, Wood",broad_group,517030,51
524,"Woodworking Machine Setters, Operators, and Tenders",broad_group,517040,51
525,Miscellaneous Woodworkers,broad_group,517090,51
526,"Power Plant Operators, Distributors, and Dispatchers",broad_group,518010,51
527,Stationary Engineers and Boiler Operators,broad_group,518020,51
528,Water and Wastewater Treatment Plant and System Operators,broad_group,518030,51
529,Miscellaneous Plant and System Operators,broad_group,518090,51
530,"Chemical Processing Machine Setters, Operators, and Tenders",broad_group,519010,51
531,"Crushing, Grinding, Polishing, Mixing, and Blending Workers",broad_group,519020,51
532,Cutting Workers,broad_group,519030,51
533,"Extruding, Forming, Pressing, and Compacting Machine Setters, Operators, and Tenders",broad_group,519040,51
534,"Furnace, Kiln, Oven, Drier, and Kettle Operators and Tenders",broad_group,519050,51
535,"Inspectors, Testers, Sorters, Samplers, and Weighers",broad_group,519060,51
536,Jewelers and Precious Stone and Metal Workers,broad_group,519070,51
537,Dental and Ophthalmic Laboratory Technicians and Medical Appliance Technicians,broad_group,519080,51
538,Packaging and Filling Machine Operators and Tenders,broad_group,519110,51
539,Painting Workers,broad_group,519120,51
540,Semiconductor Processing Technicians,broad_group,519140,51
541,Photographic Process Workers and Processing Machine Operators,broad_group,519150,51
542,Computer Numerically Controlled Tool Operators and Programmers,broad_group,519160,51
543,Miscellaneous Production Workers,broad_group,519190,51
544,First-Line Supervisors of Transportation and Material Moving Workers,broad_group,531040,53
545,Aircraft Pilots and Flight Engineers,broad_group,532010,53
546,Air Traffic Controllers and Airfield Operations Specialists,broad_group,532020,53
547,Flight Attendants,broad_group,532030,53
548,"Ambulance Drivers and Attendants, Except Emergency Medical Technicians",broad_group,533010,53
549,Driver/Sales Workers and Truck Drivers,broad_group,533030,53
550,Passenger Vehicle Drivers,broad_group,533050,53
551,Miscellaneous Motor Vehicle Operators,broad_group,533090,53
552,Locomotive Engineers and Operators,broad_group,534010,53
553,"Railroad Brake, Signal, and Switch Operators and Locomotive Firers",broad_group,534020,53
554,Railroad Conductors and Yardmasters,broad_group,534030,53
555,Subway and Streetcar Operators,broad_group,534040,53
556,Miscellaneous Rail Transportation Workers,broad_group,534090,53
557,Sailors and Marine Oilers,broad_group,535010,53
558,Ship and Boat Captains and Operators,broad_group,535020,53
559,Ship Engineers,broad_group,535030,53
560,Bridge and Lock Tenders,broad_group,536010,53
561,Parking Attendants,broad_group,536020,53
562,Transportation Service Attendants,broad_group,536030,53
563,Traffic Technicians,broad_group,536040,53
564,Transportation Inspectors,broad_group,536050,53
565,Passenger Attendants,broad_group,536060,53
566,Miscellaneous Transportation Workers,broad_group,536090,53
567,Conveyor Operators and Tenders,broad_group,537010,53
568,Crane and Tower Operators,broad_group,537020,53
569,Dredge Operators,broad_group,537030,53
570,Hoist and Winch Operators,broad_group,537040,53
571,Industrial Truck and Tractor Operators,broad_group,537050,53
572,Laborers and Material Movers,broad_group,537060,53
573,Pumping Station Operators,broad_group,537070,53
574,Refuse and Recyclable Material Collectors,broad_group,537080,53
575,"Tank Car, Truck, and Ship Loaders",broad_group,537120,53
576,Miscellaneous Material Moving Workers,broad_group,537190,53
577,Military Officer Special and Tactical Operations Leaders,broad_group,551010,55
578,First-Line Enlisted Military Supervisors,broad_group,552010,55
579,Military Enlisted Tactical Operations and Air/Weapons Specialists and Crew Members,broad_group,553010,55
580,Chief Executives,detailed_occupation,111011,11
581,General and Operations Managers,detailed_occupation,111021,11
582,Legislators,detailed_occupation,111031,11
583,Advertising and Promotions Managers,detailed_occupation,112011,11
584,Marketing Managers,detailed_occupation,112021,11
585,Sales Managers,detailed_occupation,112022,11
586,Public Relations Managers,detailed_occupation,112032,11
587,Fundraising Managers,detailed_occupation,112033,11
588,Administrative Services Managers,detailed_occupation,113012,11
589,Facilities Managers,detailed_occupation,113013,11
590,Computer and Information Systems Managers,detailed_occupation,113021,11
591,Financial Managers,detailed_occupation,113031,11
592,Industrial Production Managers,detailed_occupation,113051,11
593,Purchasing Managers,detailed_occupation,113061,11
594,"Transportation, Storage, and Distribution Managers",detailed_occupation,113071,11
595,Compensation and Benefits Managers,detailed_occupation,113111,11
596,Human Resources Managers,detailed_occupation,113121,11
597,Training and Development Managers,detailed_occupation,113131,11
598,"Farmers, Ranchers, and Other Agricultural Managers",detailed_occupation,119013,11
599,Construction Managers,detailed_occupation,119021,11
600,"Education and Childcare Administrators, Preschool and Daycare",detailed_occupation,119031,11
601,"Education Administrators, Kindergarten through Secondary",detailed_occupation,119032,11
602,"Education Administrators, Postsecondary",detailed_occupation,119033,11
603,"Education Administrators, All Other",detailed_occupation,119039,11
604,Architectural and Engineering Managers,detailed_occupation,119041,11
605,Food Service Managers,detailed_occupation,119051,11
606,Gambling Managers,detailed_occupation,119071,11
607,"Entertainment and Recreation Managers, Except Gambling",detailed_occupation,119072,11
608,Lodging Managers,detailed_occupation,119081,11
609,Medical and Health Services Managers,detailed_occupation,119111,11
610,Natural Sciences Managers,detailed_occupation,119121,11
611,Postmasters and Mail Superintendents,detailed_occupation,119131,11
612,"Property, Real Estate, and Community Association Managers",detailed_occupation,119141,11
613,Social and Community Service Managers,detailed_occupation,119151,11
614,Emergency Management Directors,detailed_occupation,119161,11
615,Funeral Home Managers,detailed_occupation,119171,11
616,"Personal Service Managers, All Other",detailed_occupation,119179,11
617,"Managers, All Other",detailed_occupation,119199,11
618,"Agents and Business Managers of Artists, Performers, and Athletes",detailed_occupation,131011,13
619,"Buyers and Purchasing Agents, Farm Products",detailed_occupation,131021,13
620,"Wholesale and Retail Buyers, Except Farm Products",detailed_occupation,131022,13
621,"Purchasing Agents, Except Wholesale, Retail, and Farm Products",detailed_occupation,131023,13
622,"Claims Adjusters, Examiners, and Investigators",detailed_occupation,131031,13
623,"Insurance Appraisers, Auto Damage",detailed_occupation,131032,13
624,Compliance Officers,detailed_occupation,131041,13
625,Cost Estimators,detailed_occupation,131051,13
626,Human Resources Specialists,detailed_occupation,131071,13
627,Farm Labor Contractors,detailed_occupation,131074,13
628,Labor Relations Specialists,detailed_occupation,131075,13
629,Logisticians,detailed_occupation,131081,13
630,Project Management Specialists,detailed_occupation,131082,13
631,Management Analysts,detailed_occupation,131111,13
632,"Meeting, Convention, and Event Planners",detailed_occupation,131121,13
633,Fundraisers,detailed_occupation,131131,13
634,"Compensation, Benefits, and Job Analysis Specialists",detailed_occupation,131141,13
635,Training and Development Specialists,detailed_occupation,131151,13
636,Market Research Analysts and Marketing Specialists,detailed_occupation,131161,13
637,"Business Operations Specialists, All Other",detailed_occupation,131199,13
638,Accountants and Auditors,detailed_occupation,132011,13
639,Appraisers of Personal and Business Property,detailed_occupation,132022,13
640,Appraisers and Assessors of Real Estate,detailed_occupation,132023,13
641,Budget Analysts,detailed_occupation,132031,13
642,Credit Analysts,detailed_occupation,132041,13
643,Financial and Investment Analysts,detailed_occupation,132051,13
644,Personal Financial Advisors,detailed_occupation,132052,13
645,Insurance Underwriters,detailed_occupation,132053,13
646,Financial Risk Specialists,detailed_occupation,132054,13
647,Financial Examiners,detailed_occupation,132061,13
648,Credit Counselors,detailed_occupation,132071,13
649,Loan Officers,detailed_occupation,132072,13
650,"Tax Examiners and Collectors, and Revenue Agents",detailed_occupation,132081,13
651,Tax Preparers,detailed_occupation,132082,13
652,"Financial Specialists, All Other",detailed_occupation,132099,13
653,Computer Systems Analysts,detailed_occupation,151211,15
654,Information Security Analysts,detailed_occupation,151212,15
655,Computer and Information Research Scientists,detailed_occupation,151221,15
656,Computer Network Support Specialists,detailed_occupation,151231,15
657,Computer User Support Specialists,detailed_occupation,151232,15
658,Computer Network Architects,detailed_occupation,151241,15
659,Database Administrators,detailed_occupation,151242,15
660,Database Architects,detailed_occupation,151243,15
661,Network and Computer Systems Administrators,detailed_occupation,151244,15
662,Computer Programmers,detailed_occupation,151251,15
663,Software Developers,detailed_occupation,151252,15
664,Software Quality Assurance Analysts and Testers,detailed_occupation,151253,15
665,Web Developers,detailed_occupation,151254,15
666,Web and Digital Interface Designers,detailed_occupation,151255,15
667,"Computer Occupations, All Other",detailed_occupation,151299,15
668,Actuaries,detailed_occupation,152011,15
669,Mathematicians,detailed_occupation,152021,15
670,Operations Research Analysts,detailed_occupation,152031,15
671,Statisticians,detailed_occupation,152041,15
672,Data Scientists,detailed_occupation,152051,15
673,"Mathematical Science Occupations, All Other",detailed_occupation,152099,15
674,"Architects, Except Landscape and Naval",detailed_occupation,171011,17
675,Landscape Architects,detailed_occupation,171012,17
676,Cartographers and Photogrammetrists,detailed_occupation,171021,17
677,Surveyors,detailed_occupation,171022,17
678,Aerospace Engineers,detailed_occupation,172011,17
679,Agricultural Engineers,detailed_occupation,172021,17
680,Bioengineers and Biomedical Engineers,detailed_occupation,172031,17
681,Chemical Engineers,detailed_occupation,172041,17
682,Civil Engineers,detailed_occupation,172051,17
683,Computer Hardware Engineers,detailed_occupation,172061,17
684,Electrical Engineers,detailed_occupation,172071,17
685,"Electronics Engineers, Except Computer",detailed_occupation,172072,17
686,Environmental Engineers,detailed_occupation,172081,17
687,"Health and Safety Engineers, Except Mining Safety Engineers and Inspectors",detailed_occupation,172111,17
688,Industrial Engineers,detailed_occupation,172112,17
689,Marine Engineers and Naval Architects,detailed_occupation,172121,17
690,Materials Engineers,detailed_occupation,172131,17
691,Mechanical Engineers,detailed_occupation,172141,17
692,"Mining and Geological Engineers, Including Mining Safety Engineers",detailed_occupation,172151,17
693,Nuclear Engineers,detailed_occupation,172161,17
694,Petroleum Engineers,detailed_occupation,172171,17
695,"Engineers, All Other",detailed_occupation,172199,17
696,Architectural and Civil Drafters,detailed_occupation,173011,17
697,Electrical and Electronics Drafters,detailed_occupation,173012,17
698,Mechanical Drafters,detailed_occupation,173013,17
699,"Drafters, All Other",detailed_occupation,173019,17
700,Aerospace Engineering and Operations Technologists and Technicians,detailed_occupation,173021,17
701,Civil Engineering Technologists and Technicians,detailed_occupation,173022,17
702,Electrical and Electronic Engineering Technologists and Technicians,detailed_occupation,173023,17
703,Electro-Mechanical and Mechatronics Technologists and Technicians,detailed_occupation,173024,17
704,Environmental Engineering Technologists and Technicians,detailed_occupation,173025,17
705,Industrial Engineering Technologists and Technicians,detailed_occupation,173026,17
706,Mechanical Engineering Technologists and Technicians,detailed_occupation,173027,17
707,Calibration Technologists and Technicians,detailed_occupation,173028,17
708,"Engineering Technologists and Technicians, Except Drafters, All Other",detailed_occupation,173029,17
709,Surveying and Mapping Technicians,detailed_occupation,173031,17
710,Animal Scientists,detailed_occupation,191011,19
711,Food Scientists and Technologists,detailed_occupation,191012,19
712,Soil and Plant Scientists,detailed_occupation,191013,19
713,Biochemists and Biophysicists,detailed_occupation,191021,19
714,Microbiologists,detailed_occupation,191022,19
715,Zoologists and Wildlife Biologists,detailed_occupation,191023,19
716,"Biological Scientists, All Other",detailed_occupation,191029,19
717,Conservation Scientists,detailed_occupation,191031,19
718,Foresters,detailed_occupation,191032,19
719,Epidemiologists,detailed_occupation,191041,19
720,"Medical Scientists, Except Epidemiologists",detailed_occupation,191042,19
721,"Life Scientists, All Other",detailed_occupation,191099,19
722,Astronomers,detailed_occupation,192011,19
723,Physicists,detailed_occupation,192012,19
724,Atmospheric and Space Scientists,detailed_occupation,192021,19
725,Chemists,detailed_occupation,192031,19
726,Materials Scientists,detailed_occupation,192032,19
727,"Environmental Scientists and Specialists, Including Health",detailed_occupation,192041,19
728,"Geoscientists, Except Hydrologists and Geographers",detailed_occupation,192042,19
729,Hydrologists,detailed_occupation,192043,19
730,"Physical Scientists, All Other",detailed_occupation,192099,19
731,Economists,detailed_occupation,193011,19
732,Survey Researchers,detailed_occupation,193022,19
733,Industrial-Organizational Psychologists,detailed_occupation,193032,19
734,Clinical and Counseling Psychologists,detailed_occupation,193033,19
735,School Psychologists,detailed_occupation,193034,19
736,"Psychologists, All Other",detailed_occupation,193039,19
737,Sociologists,detailed_occupation,193041,19
738,Urban and Regional Planners,detailed_occupation,193051,19
739,Anthropologists and Archeologists,detailed_occupation,193091,19
740,Geographers,detailed_occupation,193092,19
741,Historians,detailed_occupation,193093,19
742,Political Scientists,detailed_occupation,193094,19
743,"Social Scientists and Related Workers, All Other",detailed_occupation,193099,19
744,Agricultural Technicians,detailed_occupation,194012,19
745,Food Science Technicians,detailed_occupation,194013,19
746,Biological Technicians,detailed_occupation,194021,19
747,Chemical Technicians,detailed_occupation,194031,19
748,"Environmental Science and Protection Technicians, Including Health",detailed_occupation,194042,19
749,"Geological Technicians, Except Hydrologic Technicians",detailed_occupation,194043,19
750,Hydrologic Technicians,detailed_occupation,194044,19
751,Nuclear Technicians,detailed_occupation,194051,19
752,Social Science Research Assistants,detailed_occupation,194061,19
753,Forest and Conservation Technicians,detailed_occupation,194071,19
754,Forensic Science Technicians,detailed_occupation,194092,19
755,"Life, Physical, and Social Science Technicians, All Other",detailed_occupation,194099,19
756,Occupational Health and Safety Specialists,detailed_occupation,195011,19
757,Occupational Health and Safety Technicians,detailed_occupation,195012,19
758,Substance Abuse and Behavioral Disorder Counselors,detailed_occupation,211011,21
759,"Educational, Guidance, and Career Counselors and Advisors",detailed_occupation,211012,21
760,Marriage and Family Therapists,detailed_occupation,211013,21
761,Mental Health Counselors,detailed_occupation,211014,21
762,Rehabilitation Counselors,detailed_occupation,211015,21
763,"Counselors, All Other",detailed_occupation,211019,21
764,"Child, Family, and School Social Workers",detailed_occupation,211021,21
765,Healthcare Social Workers,detailed_occupation,211022,21
766,Mental Health and Substance Abuse Social Workers,detailed_occupation,211023,21
767,"Social Workers, All Other",detailed_occupation,211029,21
768,Health Education Specialists,detailed_occupation,211091,21
769,Probation Officers and Correctional Treatment Specialists,detailed_occupation,211092,21
770,Social and Human Service Assistants,detailed_occupation,211093,21
771,Community Health Workers,detailed_occupation,211094,21
772,"Community and Social Service Specialists, All Other",detailed_occupation,211099,21
773,Clergy,detailed_occupation,212011,21
774,"Directors, Religious Activities and Education",detailed_occupation,212021,21
775,"Religious Workers, All Other",detailed_occupation,212099,21
776,Lawyers,detailed_occupation,231011,23
777,Judicial Law Clerks,detailed_occupation,231012,23
778,"Administrative Law Judges, Adjudicators, and Hearing Officers",detailed_occupation,231021,23
779,"Arbitrators, Mediators, and Conciliators",detailed_occupation,231022,23
780,"Judges, Magistrate Judges, and Magistrates",detailed_occupation,231023,23
781,Paralegals and Legal Assistants,detailed_occupation,232011,23
782,"Title Examiners, Abstractors, and Searchers",detailed_occupation,232093,23
783,"Legal Support Workers, All Other",detailed_occupation,232099,23
784,"Business Teachers, Postsecondary",detailed_occupation,251011,25
785,"Computer Science Teachers, Postsecondary",detailed_occupation,251021,25
786,"Mathematical Science Teachers, Postsecondary",detailed_occupation,251022,25
787,"Architecture Teachers, Postsecondary",detailed_occupation,251031,25
788,"Engineering Teachers, Postsecondary",detailed_occupation,251032,25
789,"Agricultural Sciences Teachers, Postsecondary",detailed_occupation,251041,25
790,"Biological Science Teachers, Postsecondary",detailed_occupation,251042,25
791,"Forestry and Conservation Science Teachers, Postsecondary",detailed_occupation,251043,25
792,"Atmospheric, Earth, Marine, and Space Sciences Teachers, Postsecondary",detailed_occupation,251051,25
793,"Chemistry Teachers, Postsecondary",detailed_occupation,251052,25
794,"Environmental Science Teachers, Postsecondary",detailed_occupation,251053,25
795,"Physics Teachers, Postsecondary",detailed_occupation,251054,25
796,"Anthropology and Archeology Teachers, Postsecondary",detailed_occupation,251061,25
797,"Area, Ethnic, and Cultural Studies Teachers, Postsecondary",detailed_occupation,251062,25
798,"Economics Teachers, Postsecondary",detailed_occupation,251063,25
799,"Geography Teachers, Postsecondary",detailed_occupation,251064,25
800,"Political Science Teachers, Postsecondary",detailed_occupation,251065,25
801,"Psychology Teachers, Postsecondary",detailed_occupation,251066,25
802,"Sociology Teachers, Postsecondary",detailed_occupation,251067,25
803,"Social Sciences Teachers, Postsecondary, All Other",detailed_occupation,251069,25
804,"Health Specialties Teachers, Postsecondary",detailed_occupation,251071,25
805,"Nursing Instructors and Teachers, Postsecondary",detailed_occupation,251072,25
806,"Education Teachers, Postsecondary",detailed_occupation,251081,25
807,"Library Science Teachers, Postsecondary",detailed_occupation,251082,25
808,"Criminal Justice and Law Enforcement Teachers, Postsecondary",detailed_occupation,251111,25
809,"Law Teachers, Postsecondary",detailed_occupation,251112,25
810,"Social Work Teachers, Postsecondary",detailed_occupation,251113,25
811,"Art, Drama, and Music Teachers, Postsecondary",detailed_occupation,251121,25
812,"Communications Teachers, Postsecondary",detailed_occupation,251122,25
813,"English Language and Literature Teachers, Postsecondary",detailed_occupation,251123,25
814,"Foreign Language and Literature Teachers, Postsecondary",detailed_occupation,251124,25
815,"History Teachers, Postsecondary",detailed_occupation,251125,25
816,"Philosophy and Religion Teachers, Postsecondary",detailed_occupation,251126,25
817,"Family and Consumer Sciences Teachers, Postsecondary",detailed_occupation,251192,25
818,"Recreation and Fitness Studies Teachers, Postsecondary",detailed_occupation,251193,25
819,"Career/Technical Education Teachers, Postsecondary",detailed_occupation,251194,25
820,"Postsecondary Teachers, All Other",detailed_occupation,251199,25
821,"Preschool Teachers, Except Special Education",detailed_occupation,252011,25
822,"Kindergarten Teachers, Except Special Education",detailed_occupation,252012,25
823,"Elementary School Teachers, Except Special Education",detailed_occupation,252021,25
824,"Middle School Teachers, Except Special and Career/Technical Education",detailed_occupation,252022,25
825,"Career/Technical Education Teachers, Middle School",detailed_occupation,252023,25
826,"Secondary School Teachers, Except Special and Career/Technical Education",detailed_occupation,252031,25
827,"Career/Technical Education Teachers, Secondary School",detailed_occupation,252032,25
828,"Special Education Teachers, Preschool",detailed_occupation,252051,25
829,"Special Education Teachers, Kindergarten",detailed_occupation,252055,25
830,"Special Education Teachers, Elementary School",detailed_occupation,252056,25
831,"Special Education Teachers, Middle School",detailed_occupation,252057,25
832,"Special Education Teachers, Secondary School",detailed_occupation,252058,25
833,"Special Education Teachers, All Other",detailed_occupation,252059,25
834,"Adult Basic Education, Adult Secondary Education, and English as a Second Language Instructors",detailed_occupation,253011,25
835,Self-Enrichment Teachers,detailed_occupation,253021,25
836,"Substitute Teachers, Short-Term",detailed_occupation,253031,25
837,Tutors,detailed_occupation,253041,25
838,"Teachers and Instructors, All Other",detailed_occupation,253099,25
839,Archivists,detailed_occupation,254011,25
840,Curators,detailed_occupation,254012,25
841,Museum Technicians and Conservators,detailed_occupation,254013,25
842,Librarians and Media Collections Specialists,detailed_occupation,254022,25
843,Library Technicians,detailed_occupation,254031,25
844,Farm and Home Management Educators,detailed_occupation,259021,25
845,Instructional Coordinators,detailed_occupation,259031,25
846,"Teaching Assistants, Preschool, Elementary, Middle, and Secondary School, Except Special Education",detailed_occupation,259042,25
847,"Teaching Assistants, Special Education",detailed_occupation,259043,25
848,"Teaching Assistants, Postsecondary",detailed_occupation,259044,25
849,"Teaching Assistants, All Other",detailed_occupation,259049,25
850,"Educational Instruction and Library Workers, All Other",detailed_occupation,259099,25
851,Art Directors,detailed_occupation,271011,27
852,Craft Artists,detailed_occupation,271012,27
853,"Fine Artists, Including Painters, Sculptors, and Illustrators",detailed_occupation,271013,27
854,Special Effects Artists and Animators,detailed_occupation,271014,27
855,"Artists and Related Workers, All Other",detailed_occupation,271019,27
856,Commercial and Industrial Designers,detailed_occupation,271021,27
857,Fashion Designers,detailed_occupation,271022,27
858,Floral Designers,detailed_occupation,271023,27
859,Graphic Designers,detailed_occupation,271024,27
860,Interior Designers,detailed_occupation,271025,27
861,Merchandise Displayers and Window Trimmers,detailed_occupation,271026,27
862,Set and Exhibit Designers,detailed_occupation,271027,27
863,"Designers, All Other",detailed_occupation,271029,27
864,Actors,detailed_occupation,272011,27
865,Producers and Directors,detailed_occupation,272012,27
866,Athletes and Sports Competitors,detailed_occupation,272021,27
867,Coaches and Scouts,detailed_occupation,272022,27
868,"Umpires, Referees, and Other Sports Officials",detailed_occupation,272023,27
869,Dancers,detailed_occupation,272031,27
870,Choreographers,detailed_occupation,272032,27
871,Music Directors and Composers,detailed_occupation,272041,27
872,Musicians and Singers,detailed_occupation,272042,27
873,"Disc Jockeys, Except Radio",detailed_occupation,272091,27
874,"Entertainers and Performers, Sports and Related Workers, All Other",detailed_occupation,272099,27
875,Broadcast Announcers and Radio Disc Jockeys,detailed_occupation,273011,27
876,"News Analysts, Reporters, and Journalists",detailed_occupation,273023,27
877,Public Relations Specialists,detailed_occupation,273031,27
878,Editors,detailed_occupation,273041,27
879,Technical Writers,detailed_occupation,273042,27
880,Writers and Authors,detailed_occupation,273043,27
881,Interpreters and Translators,detailed_occupation,273091,27
882,Court Reporters and Simultaneous Captioners,detailed_occupation,273092,27
883,"Media and Communication Workers, All Other",detailed_occupation,273099,27
884,Audio and Video Technicians,detailed_occupation,274011,27
885,Broadcast Technicians,detailed_occupation,274012,27
886,Sound Engineering Technicians,detailed_occupation,274014,27
887,Lighting Technicians,detailed_occupation,274015,27
888,Photographers,detailed_occupation,274021,27
889,"Camera Operators, Television, Video, and Film",detailed_occupation,274031,27
890,Film and Video Editors,detailed_occupation,274032,27
891,"Media and Communication Equipment Workers, All Other",detailed_occupation,274099,27
892,Chiropractors,detailed_occupation,291011,29
893,"Dentists, General",detailed_occupation,291021,29
894,Oral and Maxillofacial Surgeons,detailed_occupation,291022,29
895,Orthodontists,detailed_occupation,291023,29
896,Prosthodontists,detailed_occupation,291024,29
897,"Dentists, All Other Specialists",detailed_occupation,291029,29
898,Dietitians and Nutritionists,detailed_occupation,291031,29
899,Optometrists,detailed_occupation,291041,29
900,Pharmacists,detailed_occupation,291051,29
901,Physician Assistants,detailed_occupation,291071,29
902,Podiatrists,detailed_occupation,291081,29
903,Occupational Therapists,detailed_occupation,291122,29
904,Physical Therapists,detailed_occupation,291123,29
905,Radiation Therapists,detailed_occupation,291124,29
906,Recreational Therapists,detailed_occupation,291125,29
907,Respiratory Therapists,detailed_occupation,291126,29
908,Speech-Language Pathologists,detailed_occupation,291127,29
909,Exercise Physiologists,detailed_occupation,291128,29
910,"Therapists, All Other",detailed_occupation,291129,29
911,Veterinarians,detailed_occupation,291131,29
912,Registered Nurses,detailed_occupation,291141,29
913,Nurse Anesthetists,detailed_occupation,291151,29
914,Nurse Midwives,detailed_occupation,291161,29
915,Nurse Practitioners,detailed_occupation,291171,29
916,Audiologists,detailed_occupation,291181,29
917,Anesthesiologists,detailed_occupation,291211,29
918,Cardiologists,detailed_occupation,291212,29
919,Dermatologists,detailed_occupation,291213,29
920,Emergency Medicine Physicians,detailed_occupation,291214,29
921,Family Medicine Physicians,detailed_occupation,291215,29
922,General Internal Medicine Physicians,detailed_occupation,291216,29
923,Neurologists,detailed_occupation,291217,29
924,Obstetricians and Gynecologists,detailed_occupation,291218,29
925,"Pediatricians, General",detailed_occupation,291221,29
926,"Physicians, Pathologists",detailed_occupation,291222,29
927,Psychiatrists,detailed_occupation,291223,29
928,Radiologists,detailed_occupation,291224,29
929,"Physicians, All Other",detailed_occupation,291229,29
930,"Ophthalmologists, Except Pediatric",detailed_occupation,291241,29
931,"Orthopedic Surgeons, Except Pediatric",detailed_occupation,291242,29
932,Pediatric Surgeons,detailed_occupation,291243,29
933,"Surgeons, All Other",detailed_occupation,291249,29
934,Acupuncturists,detailed_occupation,291291,29
935,Dental Hygienists,detailed_occupation,291292,29
936,"Healthcare Diagnosing or Treating Practitioners, All Other",detailed_occupation,291299,29
937,Medical and Clinical Laboratory Technologists,detailed_occupation,292011,29
938,Medical and Clinical Laboratory Technicians,detailed_occupation,292012,29
939,Cardiovascular Technologists and Technicians,detailed_occupation,292031,29
940,Diagnostic Medical Sonographers,detailed_occupation,292032,29
941,Nuclear Medicine Technologists,detailed_occupation,292033,29
942,Radiologic Technologists and Technicians,detailed_occupation,292034,29
943,Magnetic Resonance Imaging Technologists,detailed_occupation,292035,29
944,Medical Dosimetrists,detailed_occupation,292036,29
945,Emergency Medical Technicians,detailed_occupation,292042,29
946,Paramedics,detailed_occupation,292043,29
947,Dietetic Technicians,detailed_occupation,292051,29
948,Pharmacy Technicians,detailed_occupation,292052,29
949,Psychiatric Technicians,detailed_occupation,292053,29
950,Surgical Technologists,detailed_occupation,292055,29
951,Veterinary Technologists and Technicians,detailed_occupation,292056,29
952,Ophthalmic Medical Technicians,detailed_occupation,292057,29
953,Licensed Practical and Licensed Vocational Nurses,detailed_occupation,292061,29
954,Medical Records Specialists,detailed_occupation,292072,29
955,"Opticians, Dispensing",detailed_occupation,292081,29
956,Orthotists and Prosthetists,detailed_occupation,292091,29
957,Hearing Aid Specialists,detailed_occupation,292092,29
958,"Health Technologists and Technicians, All Other",detailed_occupation,292099,29
959,Health Information Technologists and Medical Registrars,detailed_occupation,299021,29
960,Athletic Trainers,detailed_occupation,299091,29
961,Genetic Counselors,detailed_occupation,299092,29
962,Surgical Assistants,detailed_occupation,299093,29
963,"Healthcare Practitioners and Technical Workers, All Other",detailed_occupation,299099,29
964,Home Health Aides,detailed_occupation,311121,31
965,Personal Care Aides,detailed_occupation,311122,31
966,Nursing Assistants,detailed_occupation,311131,31
967,Orderlies,detailed_occupation,311132,31
968,Psychiatric Aides,detailed_occupation,311133,31
969,Occupational Therapy Assistants,detailed_occupation,312011,31
970,Occupational Therapy Aides,detailed_occupation,312012,31
971,Physical Therapist Assistants,detailed_occupation,312021,31
972,Physical Therapist Aides,detailed_occupation,312022,31
973,Massage Therapists,detailed_occupation,319011,31
974,Dental Assistants,detailed_occupation,319091,31
975,Medical Assistants,detailed_occupation,319092,31
976,Medical Equipment Preparers,detailed_occupation,319093,31
977,Medical Transcriptionists,detailed_occupation,319094,31
978,Pharmacy Aides,detailed_occupation,319095,31
979,Veterinary Assistants and Laboratory Animal Caretakers,detailed_occupation,319096,31
980,Phlebotomists,detailed_occupation,319097,31
981,"Healthcare Support Workers, All Other",detailed_occupation,319099,31
982,First-Line Supervisors of Correctional Officers,detailed_occupation,331011,33
983,First-Line Supervisors of Police and Detectives,detailed_occupation,331012,33
984,First-Line Supervisors of Firefighting and Prevention Workers,detailed_occupation,331021,33
985,First-Line Supervisors of Security Workers,detailed_occupation,331091,33
986,"First-Line Supervisors of Protective Service Workers, All Other",detailed_occupation,331099,33
987,Firefighters,detailed_occupation,332011,33
988,Fire Inspectors and Investigators,detailed_occupation,332021,33
989,Forest Fire Inspectors and Prevention Specialists,detailed_occupation,332022,33
990,Bailiffs,detailed_occupation,333011,33
991,Correctional Officers and Jailers,detailed_occupation,333012,33
992,Detectives and Criminal Investigators,detailed_occupation,333021,33
993,Fish and Game Wardens,detailed_occupation,333031,33
994,Parking Enforcement Workers,detailed_occupation,333041,33
995,Police and Sheriffs Patrol Officers,detailed_occupation,333051,33
996,Transit and Railroad Police,detailed_occupation,333052,33
997,Animal Control Workers,detailed_occupation,339011,33
998,Private Detectives and Investigators,detailed_occupation,339021,33
999,Gambling Surveillance Officers and Gambling Investigators,detailed_occupation,339031,33
1000,Security Guards,detailed_occupation,339032,33
1001,Crossing Guards and Flaggers,detailed_occupation,339091,33
1002,"Lifeguards, Ski Patrol, and Other Recreational Protective Service Workers",detailed_occupation,339092,33
1003,Transportation Security Screeners,detailed_occupation,339093,33
1004,School Bus Monitors,detailed_occupation,339094,33
1005,"Protective Service Workers, All Other",detailed_occupation,339099,33
1006,Chefs and Head Cooks,detailed_occupation,351011,35
1007,First-Line Supervisors of Food Preparation and Serving Workers,detailed_occupation,351012,35
1008,"Cooks, Fast Food",detailed_occupation,352011,35
1009,"Cooks, Institution and Cafeteria",detailed_occupation,352012,35
1010,"Cooks, Private Household",detailed_occupation,352013,35
1011,"Cooks, Restaurant",detailed_occupation,352014,35
1012,"Cooks, Short Order",detailed_occupation,352015,35
1013,"Cooks, All Other",detailed_occupation,352019,35
1014,Food Preparation Workers,detailed_occupation,352021,35
1015,Bartenders,detailed_occupation,353011,35
1016,Fast Food and Counter Workers,detailed_occupation,353023,35
1017,Waiters and Waitresses,detailed_occupation,353031,35
1018,"Food Servers, Nonrestaurant",detailed_occupation,353041,35
1019,Dining Room and Cafeteria Attendants and Bartender Helpers,detailed_occupation,359011,35
1020,Dishwashers,detailed_occupation,359021,35
1021,"Hosts and Hostesses, Restaurant, Lounge, and Coffee Shop",detailed_occupation,359031,35
1022,"Food Preparation and Serving Related Workers, All Other",detailed_occupation,359099,35
1023,First-Line Supervisors of Housekeeping and Janitorial Workers,detailed_occupation,371011,37
1024,"First-Line Supervisors of Landscaping, Lawn Service, and Groundskeeping Workers",detailed_occupation,371012,37
1025,"Janitors and Cleaners, Except Maids and Housekeeping Cleaners",detailed_occupation,372011,37
1026,Maids and Housekeeping Cleaners,detailed_occupation,372012,37
1027,"Building Cleaning Workers, All Other",detailed_occupation,372019,37
1028,Pest Control Workers,detailed_occupation,372021,37
1029,Landscaping and Groundskeeping Workers,detailed_occupation,373011,37
1030,"Pesticide Handlers, Sprayers, and Applicators, Vegetation",detailed_occupation,373012,37
1031,Tree Trimmers and Pruners,detailed_occupation,373013,37
1032,"Grounds Maintenance Workers, All Other",detailed_occupation,373019,37
1033,First-Line Supervisors of Gambling Services Workers,detailed_occupation,391013,39
1034,"First-Line Supervisors of Entertainment and Recreation Workers, Except Gambling Services",detailed_occupation,391014,39
1035,First-Line Supervisors of Personal Service Workers,detailed_occupation,391022,39
1036,Animal Trainers,detailed_occupation,392011,39
1037,Animal Caretakers,detailed_occupation,392021,39
1038,Gambling Dealers,detailed_occupation,393011,39
1039,Gambling and Sports Book Writers and Runners,detailed_occupation,393012,39
1040,"Gambling Service Workers, All Other",detailed_occupation,393019,39
1041,Motion Picture Projectionists,detailed_occupation,393021,39
1042,"Ushers, Lobby Attendants, and Ticket Takers",detailed_occupation,393031,39
1043,Amusement and Recreation Attendants,detailed_occupation,393091,39
1044,Costume Attendants,detailed_occupation,393092,39
1045,"Locker Room, Coatroom, and Dressing Room Attendants",detailed_occupation,393093,39
1046,"Entertainment Attendants and Related Workers, All Other",detailed_occupation,393099,39
1047,Embalmers,detailed_occupation,394011,39
1048,Crematory Operators,detailed_occupation,394012,39
1049,Funeral Attendants,detailed_occupation,394021,39
1050,"Morticians, Undertakers, and Funeral Arrangers",detailed_occupation,394031,39
1051,Barbers,detailed_occupation,395011,39
1052,"Hairdressers, Hairstylists, and Cosmetologists",detailed_occupation,395012,39
1053,"Makeup Artists, Theatrical and Performance",detailed_occupation,395091,39
1054,Manicurists and Pedicurists,detailed_occupation,395092,39
1055,Shampooers,detailed_occupation,395093,39
1056,Skincare Specialists,detailed_occupation,395094,39
1057,Baggage Porters and Bellhops,detailed_occupation,396011,39
1058,Concierges,detailed_occupation,396012,39
1059,Tour Guides and Escorts,detailed_occupation,397011,39
1060,Travel Guides,detailed_occupation,397012,39
1061,Childcare Workers,detailed_occupation,399011,39
1062,Exercise Trainers and Group Fitness Instructors,detailed_occupation,399031,39
1063,Recreation Workers,detailed_occupation,399032,39
1064,Residential Advisors,detailed_occupation,399041,39
1065,"Personal Care and Service Workers, All Other",detailed_occupation,399099,39
1066,First-Line Supervisors of Retail Sales Workers,detailed_occupation,411011,41
1067,First-Line Supervisors of Non-Retail Sales Workers,detailed_occupation,411012,41
1068,Cashiers,detailed_occupation,412011,41
1069,Gambling Change Persons and Booth Cashiers,detailed_occupation,412012,41
1070,Counter and Rental Clerks,detailed_occupation,412021,41
1071,Parts Salespersons,detailed_occupation,412022,41
1072,Retail Salespersons,detailed_occupation,412031,41
1073,Advertising Sales Agents,detailed_occupation,413011,41
1074,Insurance Sales Agents,detailed_occupation,413021,41
1075,"Securities, Commodities, and Financial Services Sales Agents",detailed_occupation,413031,41
1076,Travel Agents,detailed_occupation,413041,41
1077,"Sales Representatives of Services, Except Advertising, Insurance, Financial Services, and Travel",detailed_occupation,413091,41
1078,"Sales Representatives, Wholesale and Manufacturing, Technical and Scientific Products",detailed_occupation,414011,41
1079,"Sales Representatives, Wholesale and Manufacturing, Except Technical and Scientific Products",detailed_occupation,414012,41
1080,Demonstrators and Product Promoters,detailed_occupation,419011,41
1081,Models,detailed_occupation,419012,41
1082,Real Estate Brokers,detailed_occupation,419021,41
1083,Real Estate Sales Agents,detailed_occupation,419022,41
1084,Sales Engineers,detailed_occupation,419031,41
1085,Telemarketers,detailed_occupation,419041,41
1086,"Door-to-Door Sales Workers, News and Street Vendors, and Related Workers",detailed_occupation,419091,41
1087,"Sales and Related Workers, All Other",detailed_occupation,419099,41
1088,First-Line Supervisors of Office and Administrative Support Workers,detailed_occupation,431011,43
1089,"Switchboard Operators, Including Answering Service",detailed_occupation,432011,43
1090,Telephone Operators,detailed_occupation,432021,43
1091,"Communications Equipment Operators, All Other",detailed_occupation,432099,43
1092,Bill and Account Collectors,detailed_occupation,433011,43
1093,Billing and Posting Clerks,detailed_occupation,433021,43
1094,"Bookkeeping, Accounting, and Auditing Clerks",detailed_occupation,433031,43
1095,Gambling Cage Workers,detailed_occupation,433041,43
1096,Payroll and Timekeeping Clerks,detailed_occupation,433051,43
1097,Procurement Clerks,detailed_occupation,433061,43
1098,Tellers,detailed_occupation,433071,43
1099,"Financial Clerks, All Other",detailed_occupation,433099,43
1100,Brokerage Clerks,detailed_occupation,434011,43
1101,Correspondence Clerks,detailed_occupation,434021,43
1102,"Court, Municipal, and License Clerks",detailed_occupation,434031,43
1103,"Credit Authorizers, Checkers, and Clerks",detailed_occupation,434041,43
1104,Customer Service Representatives,detailed_occupation,434051,43
1105,"Eligibility Interviewers, Government Programs",detailed_occupation,434061,43
1106,File Clerks,detailed_occupation,434071,43
1107,"Hotel, Motel, and Resort Desk Clerks",detailed_occupation,434081,43
1108,"Interviewers, Except Eligibility and Loan",detailed_occupation,434111,43
1109,"Library Assistants, Clerical",detailed_occupation,434121,43
1110,Loan Interviewers and Clerks,detailed_occupation,434131,43
1111,New Accounts Clerks,detailed_occupation,434141,43
1112,Order Clerks,detailed_occupation,434151,43
1113,"Human Resources Assistants, Except Payroll and Timekeeping",detailed_occupation,434161,43
1114,Receptionists and Information Clerks,detailed_occupation,434171,43
1115,Reservation and Transportation Ticket Agents and Travel Clerks,detailed_occupation,434181,43
1116,"Information and Record Clerks, All Other",detailed_occupation,434199,43
1117,Cargo and Freight Agents,detailed_occupation,435011,43
1118,Couriers and Messengers,detailed_occupation,435021,43
1119,Public Safety Telecommunicators,detailed_occupation,435031,43
1120,"Dispatchers, Except Police, Fire, and Ambulance",detailed_occupation,435032,43
1121,"Meter Readers, Utilities",detailed_occupation,435041,43
1122,Postal Service Clerks,detailed_occupation,435051,43
1123,Postal Service Mail Carriers,detailed_occupation,435052,43
1124,"Postal Service Mail Sorters, Processors, and Processing Machine Operators",detailed_occupation,435053,43
1125,"Production, Planning, and Expediting Clerks",detailed_occupation,435061,43
1126,"Shipping, Receiving, and Inventory Clerks",detailed_occupation,435071,43
1127,"Weighers, Measurers, Checkers, and Samplers, Recordkeeping",detailed_occupation,435111,43
1128,Executive Secretaries and Executive Administrative Assistants,detailed_occupation,436011,43
1129,Legal Secretaries and Administrative Assistants,detailed_occupation,436012,43
1130,Medical Secretaries and Administrative Assistants,detailed_occupation,436013,43
1131,"Secretaries and Administrative Assistants, Except Legal, Medical, and Executive",detailed_occupation,436014,43
1132,Data Entry Keyers,detailed_occupation,439021,43
1133,Word Processors and Typists,detailed_occupation,439022,43
1134,Desktop Publishers,detailed_occupation,439031,43
1135,Insurance Claims and Policy Processing Clerks,detailed_occupation,439041,43
1136,"Mail Clerks and Mail Machine Operators, Except Postal Service",detailed_occupation,439051,43
1137,"Office Clerks, General",detailed_occupation,439061,43
1138,"Office Machine Operators, Except Computer",detailed_occupation,439071,43
1139,Proofreaders and Copy Markers,detailed_occupation,439081,43
1140,Statistical Assistants,detailed_occupation,439111,43
1141,"Office and Administrative Support Workers, All Other",detailed_occupation,439199,43
1142,"First-Line Supervisors of Farming, Fishing, and Forestry Workers",detailed_occupation,451011,45
1143,Agricultural Inspectors,detailed_occupation,452011,45
1144,Animal Breeders,detailed_occupation,452021,45
1145,"Graders and Sorters, Agricultural Products",detailed_occupation,452041,45
1146,Agricultural Equipment Operators,detailed_occupation,452091,45
1147,"Farmworkers and Laborers, Crop, Nursery, and Greenhouse",detailed_occupation,452092,45
1148,"Farmworkers, Farm, Ranch, and Aquacultural Animals",detailed_occupation,452093,45
1149,"Agricultural Workers, All Other",detailed_occupation,452099,45
1150,Fishing and Hunting Workers,detailed_occupation,453031,45
1151,Forest and Conservation Workers,detailed_occupation,454011,45
1152,Fallers,detailed_occupation,454021,45
1153,Logging Equipment Operators,detailed_occupation,454022,45
1154,Log Graders and Scalers,detailed_occupation,454023,45
1155,"Logging Workers, All Other",detailed_occupation,454029,45
1156,First-Line Supervisors of Construction Trades and Extraction Workers,detailed_occupation,471011,47
1157,Boilermakers,detailed_occupation,472011,47
1158,Brickmasons and Blockmasons,detailed_occupation,472021,47
1159,Stonemasons,detailed_occupation,472022,47
1160,Carpenters,detailed_occupation,472031,47
1161,Carpet Installers,detailed_occupation,472041,47
1162,"Floor Layers, Except Carpet, Wood, and Hard Tiles",detailed_occupation,472042,47
1163,Floor Sanders and Finishers,detailed_occupation,472043,47
1164,Tile and Stone Setters,detailed_occupation,472044,47
1165,Cement Masons and Concrete Finishers,detailed_occupation,472051,47
1166,Terrazzo Workers and Finishers,detailed_occupation,472053,47
1167,Construction Laborers,detailed_occupation,472061,47
1168,"Paving, Surfacing, and Tamping Equipment Operators",detailed_occupation,472071,47
1169,Pile Driver Operators,detailed_occupation,472072,47
1170,Operating Engineers and Other Construction Equipment Operators,detailed_occupation,472073,47
1171,Drywall and Ceiling Tile Installers,detailed_occupation,472081,47
1172,Tapers,detailed_occupation,472082,47
1173,Electricians,detailed_occupation,472111,47
1174,Glaziers,detailed_occupation,472121,47
1175,"Insulation Workers, Floor, Ceiling, and Wall",detailed_occupation,472131,47
1176,"Insulation Workers, Mechanical",detailed_occupation,472132,47
1177,"Painters, Construction and Maintenance",detailed_occupation,472141,47
1178,Paperhangers,detailed_occupation,472142,47
1179,Pipelayers,detailed_occupation,472151,47
1180,"Plumbers, Pipefitters, and Steamfitters",detailed_occupation,472152,47
1181,Plasterers and Stucco Masons,detailed_occupation,472161,47
1182,Reinforcing Iron and Rebar Workers,detailed_occupation,472171,47
1183,Roofers,detailed_occupation,472181,47
1184,Sheet Metal Workers,detailed_occupation,472211,47
1185,Structural Iron and Steel Workers,detailed_occupation,472221,47
1186,Solar Photovoltaic Installers,detailed_occupation,472231,47
1187,"Helpers--Brickmasons, Blockmasons, Stonemasons, and Tile and Marble Setters",detailed_occupation,473011,47
1188,Helpers--Carpenters,detailed_occupation,473012,47
1189,Helpers--Electricians,detailed_occupation,473013,47
1190,"Helpers--Painters, Paperhangers, Plasterers, and Stucco Masons",detailed_occupation,473014,47
1191,"Helpers--Pipelayers, Plumbers, Pipefitters, and Steamfitters",detailed_occupation,473015,47
1192,Helpers--Roofers,detailed_occupation,473016,47
1193,"Helpers, Construction Trades, All Other",detailed_occupation,473019,47
1194,Construction and Building Inspectors,detailed_occupation,474011,47
1195,Elevator and Escalator Installers and Repairers,detailed_occupation,474021,47
1196,Fence Erectors,detailed_occupation,474031,47
1197,Hazardous Materials Removal Workers,detailed_occupation,474041,47
1198,Highway Maintenance Workers,detailed_occupation,474051,47
1199,Rail-Track Laying and Maintenance Equipment Operators,detailed_occupation,474061,47
1200,Septic Tank Servicers and Sewer Pipe Cleaners,detailed_occupation,474071,47
1201,Segmental Pavers,detailed_occupation,474091,47
1202,"Construction and Related Workers, All Other",detailed_occupation,474099,47
1203,"Derrick Operators, Oil and Gas",detailed_occupation,475011,47
1204,"Rotary Drill Operators, Oil and Gas",detailed_occupation,475012,47
1205,"Service Unit Operators, Oil and Gas",detailed_occupation,475013,47
1206,"Excavating and Loading Machine and Dragline Operators, Surface Mining",detailed_occupation,475022,47
1207,"Earth Drillers, Except Oil and Gas",detailed_occupation,475023,47
1208,"Explosives Workers, Ordnance Handling Experts, and Blasters",detailed_occupation,475032,47
1209,Continuous Mining Machine Operators,detailed_occupation,475041,47
1210,"Roof Bolters, Mining",detailed_occupation,475043,47
1211,"Loading and Moving Machine Operators, Underground Mining",detailed_occupation,475044,47
1212,"Underground Mining Machine Operators, All Other",detailed_occupation,475049,47
1213,"Rock Splitters, Quarry",detailed_occupation,475051,47
1214,"Roustabouts, Oil and Gas",detailed_occupation,475071,47
1215,Helpers--Extraction Workers,detailed_occupation,475081,47
1216,"Extraction Workers, All Other",detailed_occupation,475099,47
1217,"First-Line Supervisors of Mechanics, Installers, and Repairers",detailed_occupation,491011,49
1218,"Computer, Automated Teller, and Office Machine Repairers",detailed_occupation,492011,49
1219,"Radio, Cellular, and Tower Equipment Installers and Repairers",detailed_occupation,492021,49
1220,"Telecommunications Equipment Installers and Repairers, Except Line Installers",detailed_occupation,492022,49
1221,Avionics Technicians,detailed_occupation,492091,49
1222,"Electric Motor, Power Tool, and Related Repairers",detailed_occupation,492092,49
1223,"Electrical and Electronics Installers and Repairers, Transportation Equipment",detailed_occupation,492093,49
1224,"Electrical and Electronics Repairers, Commercial and Industrial Equipment",detailed_occupation,492094,49
1225,"Electrical and Electronics Repairers, Powerhouse, Substation, and Relay",detailed_occupation,492095,49
1226,"Electronic Equipment Installers and Repairers, Motor Vehicles",detailed_occupation,492096,49
1227,Audiovisual Equipment Installers and Repairers,detailed_occupation,492097,49
1228,Security and Fire Alarm Systems Installers,detailed_occupation,492098,49
1229,Aircraft Mechanics and Service Technicians,detailed_occupation,493011,49
1230,Automotive Body and Related Repairers,detailed_occupation,493021,49
1231,Automotive Glass Installers and Repairers,detailed_occupation,493022,49
1232,Automotive Service Technicians and Mechanics,detailed_occupation,493023,49
1233,Bus and Truck Mechanics and Diesel Engine Specialists,detailed_occupation,493031,49
1234,Farm Equipment Mechanics and Service Technicians,detailed_occupation,493041,49
1235,"Mobile Heavy Equipment Mechanics, Except Engines",detailed_occupation,493042,49
1236,Rail Car Repairers,detailed_occupation,493043,49
1237,Motorboat Mechanics and Service Technicians,detailed_occupation,493051,49
1238,Motorcycle Mechanics,detailed_occupation,493052,49
1239,Outdoor Power Equipment and Other Small Engine Mechanics,detailed_occupation,493053,49
1240,Bicycle Repairers,detailed_occupation,493091,49
1241,Recreational Vehicle Service Technicians,detailed_occupation,493092,49
1242,Tire Repairers and Changers,detailed_occupation,493093,49
1243,Mechanical Door Repairers,detailed_occupation,499011,49
1244,"Control and Valve Installers and Repairers, Except Mechanical Door",detailed_occupation,499012,49
1245,"Heating, Air Conditioning, and Refrigeration Mechanics and Installers",detailed_occupation,499021,49
1246,Home Appliance Repairers,detailed_occupation,499031,49
1247,Industrial Machinery Mechanics,detailed_occupation,499041,49
1248,"Maintenance Workers, Machinery",detailed_occupation,499043,49
1249,Millwrights,detailed_occupation,499044,49
1250,"Refractory Materials Repairers, Except Brickmasons",detailed_occupation,499045,49
1251,Electrical Power-Line Installers and Repairers,detailed_occupation,499051,49
1252,Telecommunications Line Installers and Repairers,detailed_occupation,499052,49
1253,Camera and Photographic Equipment Repairers,detailed_occupation,499061,49
1254,Medical Equipment Repairers,detailed_occupation,499062,49
1255,Musical Instrument Repairers and Tuners,detailed_occupation,499063,49
1256,Watch and Clock Repairers,detailed_occupation,499064,49
1257,"Precision Instrument and Equipment Repairers, All Other",detailed_occupation,499069,49
1258,"Maintenance and Repair Workers, General",detailed_occupation,499071,49
1259,Wind Turbine Service Technicians,detailed_occupation,499081,49
1260,"Coin, Vending, and Amusement Machine Servicers and Repairers",detailed_occupation,499091,49
1261,Commercial Divers,detailed_occupation,499092,49
1262,Locksmiths and Safe Repairers,detailed_occupation,499094,49
1263,Manufactured Building and Mobile Home Installers,detailed_occupation,499095,49
1264,Riggers,detailed_occupation,499096,49
1265,Signal and Track Switch Repairers,detailed_occupation,499097,49
1266,"Helpers--Installation, Maintenance, and Repair Workers",detailed_occupation,499098,49
1267,"Installation, Maintenance, and Repair Workers, All Other",detailed_occupation,499099,49
1268,First-Line Supervisors of Production and Operating Workers,detailed_occupation,511011,51
1269,"Aircraft Structure, Surfaces, Rigging, and Systems Assemblers",detailed_occupation,512011,51
1270,"Coil Winders, Tapers, and Finishers",detailed_occupation,512021,51
1271,Electrical and Electronic Equipment Assemblers,detailed_occupation,512022,51
1272,Electromechanical Equipment Assemblers,detailed_occupation,512023,51
1273,Engine and Other Machine Assemblers,detailed_occupation,512031,51
1274,Structural Metal Fabricators and Fitters,detailed_occupation,512041,51
1275,Fiberglass Laminators and Fabricators,detailed_occupation,512051,51
1276,Timing Device Assemblers and Adjusters,detailed_occupation,512061,51
1277,Team Assemblers,detailed_occupation,512092,51
1278,"Assemblers and Fabricators, All Other",detailed_occupation,512099,51
1279,Bakers,detailed_occupation,513011,51
1280,Butchers and Meat Cutters,detailed_occupation,513021,51
1281,"Meat, Poultry, and Fish Cutters and Trimmers",detailed_occupation,513022,51
1282,Slaughterers and Meat Packers,detailed_occupation,513023,51
1283,"Food and Tobacco Roasting, Baking, and Drying Machine Operators and Tenders",detailed_occupation,513091,51
1284,Food Batchmakers,detailed_occupation,513092,51
1285,Food Cooking Machine Operators and Tenders,detailed_occupation,513093,51
1286,"Food Processing Workers, All Other",detailed_occupation,513099,51
1287,"Extruding and Drawing Machine Setters, Operators, and Tenders, Metal and Plastic",detailed_occupation,514021,51
1288,"Forging Machine Setters, Operators, and Tenders, Metal and Plastic",detailed_occupation,514022,51
1289,"Rolling Machine Setters, Operators, and Tenders, Metal and Plastic",detailed_occupation,514023,51
1290,"Cutting, Punching, and Press Machine Setters, Operators, and Tenders, Metal and Plastic",detailed_occupation,514031,51
1291,"Drilling and Boring Machine Tool Setters, Operators, and Tenders, Metal and Plastic",detailed_occupation,514032,51
1292,"Grinding, Lapping, Polishing, and Buffing Machine Tool Setters, Operators, and Tenders, Metal and Plastic",detailed_occupation,514033,51
1293,"Lathe and Turning Machine Tool Setters, Operators, and Tenders, Metal and Plastic",detailed_occupation,514034,51
1294,"Milling and Planing Machine Setters, Operators, and Tenders, Metal and Plastic",detailed_occupation,514035,51
1295,Machinists,detailed_occupation,514041,51
1296,Metal-Refining Furnace Operators and Tenders,detailed_occupation,514051,51
1297,"Pourers and Casters, Metal",detailed_occupation,514052,51
1298,"Model Makers, Metal and Plastic",detailed_occupation,514061,51
1299,"Patternmakers, Metal and Plastic",detailed_occupation,514062,51
1300,Foundry Mold and Coremakers,detailed_occupation,514071,51
1301,"Molding, Coremaking, and Casting Machine Setters, Operators, and Tenders, Metal and Plastic",detailed_occupation,514072,51
1302,"Multiple Machine Tool Setters, Operators, and Tenders, Metal and Plastic",detailed_occupation,514081,51
1303,Tool and Die Makers,detailed_occupation,514111,51
1304,"Welders, Cutters, Solderers, and Brazers",detailed_occupation,514121,51
1305,"Welding, Soldering, and Brazing Machine Setters, Operators, and Tenders",detailed_occupation,514122,51
1306,"Heat Treating Equipment Setters, Operators, and Tenders, Metal and Plastic",detailed_occupation,514191,51
1307,"Layout Workers, Metal and Plastic",detailed_occupation,514192,51
1308,"Plating Machine Setters, Operators, and Tenders, Metal and Plastic",detailed_occupation,514193,51
1309,"Tool Grinders, Filers, and Sharpeners",detailed_occupation,514194,51
1310,"Metal Workers and Plastic Workers, All Other",detailed_occupation,514199,51
1311,Prepress Technicians and Workers,detailed_occupation,515111,51
1312,Printing Press Operators,detailed_occupation,515112,51
1313,Print Binding and Finishing Workers,detailed_occupation,515113,51
1314,Laundry and Dry-Cleaning Workers,detailed_occupation,516011,51
1315,"Pressers, Textile, Garment, and Related Materials",detailed_occupation,516021,51
1316,Sewing Machine Operators,detailed_occupation,516031,51
1317,Shoe and Leather Workers and Repairers,detailed_occupation,516041,51
1318,Shoe Machine Operators and Tenders,detailed_occupation,516042,51
1319,"Sewers, Hand",detailed_occupation,516051,51
1320,"Tailors, Dressmakers, and Custom Sewers",detailed_occupation,516052,51
1321,Textile Bleaching and Dyeing Machine Operators and Tenders,detailed_occupation,516061,51
1322,"Textile Cutting Machine Setters, Operators, and Tenders",detailed_occupation,516062,51
1323,"Textile Knitting and Weaving Machine Setters, Operators, and Tenders",detailed_occupation,516063,51
1324,"Textile Winding, Twisting, and Drawing Out Machine Setters, Operators, and Tenders",detailed_occupation,516064,51
1325,"Extruding and Forming Machine Setters, Operators, and Tenders, Synthetic and Glass Fibers",detailed_occupation,516091,51
1326,Fabric and Apparel Patternmakers,detailed_occupation,516092,51
1327,Upholsterers,detailed_occupation,516093,51
1328,"Textile, Apparel, and Furnishings Workers, All Other",detailed_occupation,516099,51
1329,Cabinetmakers and Bench Carpenters,detailed_occupation,517011,51
1330,Furniture Finishers,detailed_occupation,517021,51
1331,"Model Makers, Wood",detailed_occupation,517031,51
1332,"Patternmakers, Wood",detailed_occupation,517032,51
1333,"Sawing Machine Setters, Operators, and Tenders, Wood",detailed_occupation,517041,51
1334,"Woodworking Machine Setters, Operators, and Tenders, Except Sawing",detailed_occupation,517042,51
1335,"Woodworkers, All Other",detailed_occupation,517099,51
1336,Nuclear Power Reactor Operators,detailed_occupation,518011,51
1337,Power Distributors and Dispatchers,detailed_occupation,518012,51
1338,Power Plant Operators,detailed_occupation,518013,51
1339,Stationary Engineers and Boiler Operators,detailed_occupation,518021,51
1340,Water and Wastewater Treatment Plant and System Operators,detailed_occupation,518031,51
1341,Chemical Plant and System Operators,detailed_occupation,518091,51
1342,Gas Plant Operators,detailed_occupation,518092,51
1343,"Petroleum Pump System Operators, Refinery Operators, and Gaugers",detailed_occupation,518093,51
1344,"Plant and System Operators, All Other",detailed_occupation,518099,51
1345,Chemical Equipment Operators and Tenders,detailed_occupation,519011,51
1346,"Separating, Filtering, Clarifying, Precipitating, and Still Machine Setters, Operators, and Tenders",detailed_occupation,519012,51
1347,"Crushing, Grinding, and Polishing Machine Setters, Operators, and Tenders",detailed_occupation,519021,51
1348,"Grinding and Polishing Workers, Hand",detailed_occupation,519022,51
1349,"Mixing and Blending Machine Setters, Operators, and Tenders",detailed_occupation,519023,51
1350,"Cutters and Trimmers, Hand",detailed_occupation,519031,51
1351,"Cutting and Slicing Machine Setters, Operators, and Tenders",detailed_occupation,519032,51
1352,"Extruding, Forming, Pressing, and Compacting Machine Setters, Operators, and Tenders",detailed_occupation,519041,51
1353,"Furnace, Kiln, Oven, Drier, and Kettle Operators and Tenders",detailed_occupation,519051,51
1354,"Inspectors, Testers, Sorters, Samplers, and Weighers",detailed_occupation,519061,51
1355,Jewelers and Precious Stone and Metal Workers,detailed_occupation,519071,51
1356,Dental Laboratory Technicians,detailed_occupation,519081,51
1357,Medical Appliance Technicians,detailed_occupation,519082,51
1358,Ophthalmic Laboratory Technicians,detailed_occupation,519083,51
1359,Packaging and Filling Machine Operators and Tenders,detailed_occupation,519111,51
1360,"Painting, Coating, and Decorating Workers",detailed_occupation,519123,51
1361,"Coating, Painting, and Spraying Machine Setters, Operators, and Tenders",detailed_occupation,519124,51
1362,Semiconductor Processing Technicians,detailed_occupation,519141,51
1363,Photographic Process Workers and Processing Machine Operators,detailed_occupation,519151,51
1364,Computer Numerically Controlled Tool Operators,detailed_occupation,519161,51
1365,Computer Numerically Controlled Tool Programmers,detailed_occupation,519162,51
1366,Adhesive Bonding Machine Operators and Tenders,detailed_occupation,519191,51
1367,"Cleaning, Washing, and Metal Pickling Equipment Operators and Tenders",detailed_occupation,519192,51
1368,Cooling and Freezing Equipment Operators and Tenders,detailed_occupation,519193,51
1369,Etchers and Engravers,detailed_occupation,519194,51
1370,"Molders, Shapers, and Casters, Except Metal and Plastic",detailed_occupation,519195,51
1371,"Paper Goods Machine Setters, Operators, and Tenders",detailed_occupation,519196,51
1372,Tire Builders,detailed_occupation,519197,51
1373,Helpers--Production Workers,detailed_occupation,519198,51
1374,"Production Workers, All Other",detailed_occupation,519199,51
1375,Aircraft Cargo Handling Supervisors,detailed_occupation,531041,53
1376,"First-Line Supervisors of Helpers, Laborers, and Material Movers, Hand",detailed_occupation,531042,53
1377,First-Line Supervisors of Material-Moving Machine and Vehicle Operators,detailed_occupation,531043,53
1378,First-Line Supervisors of Passenger Attendants,detailed_occupation,531044,53
1379,"First-Line Supervisors of Transportation Workers, All Other",detailed_occupation,531049,53
1380,"Airline Pilots, Copilots, and Flight Engineers",detailed_occupation,532011,53
1381,Commercial Pilots,detailed_occupation,532012,53
1382,Air Traffic Controllers,detailed_occupation,532021,53
1383,Airfield Operations Specialists,detailed_occupation,532022,53
1384,Flight Attendants,detailed_occupation,532031,53
1385,"Ambulance Drivers and Attendants, Except Emergency Medical Technicians",detailed_occupation,533011,53
1386,Driver/Sales Workers,detailed_occupation,533031,53
1387,Heavy and Tractor-Trailer Truck Drivers,detailed_occupation,533032,53
1388,Light Truck Drivers,detailed_occupation,533033,53
1389,"Bus Drivers, School",detailed_occupation,533051,53
1390,"Bus Drivers, Transit and Intercity",detailed_occupation,533052,53
1391,Shuttle Drivers and Chauffeurs,detailed_occupation,533053,53
1392,Taxi Drivers,detailed_occupation,533054,53
1393,"Motor Vehicle Operators, All Other",detailed_occupation,533099,53
1394,Locomotive Engineers,detailed_occupation,534011,53
1395,"Rail Yard Engineers, Dinkey Operators, and Hostlers",detailed_occupation,534013,53
1396,"Railroad Brake, Signal, and Switch Operators and Locomotive Firers",detailed_occupation,534022,53
1397,Railroad Conductors and Yardmasters,detailed_occupation,534031,53
1398,Subway and Streetcar Operators,detailed_occupation,534041,53
1399,"Rail Transportation Workers, All Other",detailed_occupation,534099,53
1400,Sailors and Marine Oilers,detailed_occupation,535011,53
1401,"Captains, Mates, and Pilots of Water Vessels",detailed_occupation,535021,53
1402,Motorboat Operators,detailed_occupation,535022,53
1403,Ship Engineers,detailed_occupation,535031,53
1404,Bridge and Lock Tenders,detailed_occupation,536011,53
1405,Parking Attendants,detailed_occupation,536021,53
1406,Automotive and Watercraft Service Attendants,detailed_occupation,536031,53
1407,Aircraft Service Attendants,detailed_occupation,536032,53
1408,Traffic Technicians,detailed_occupation,536041,53
1409,Transportation Inspectors,detailed_occupation,536051,53
1410,Passenger Attendants,detailed_occupation,536061,53
1411,"Transportation Workers, All Other",detailed_occupation,536099,53
1412,Conveyor Operators and Tenders,detailed_occupation,537011,53
1413,Crane and Tower Operators,detailed_occupation,537021,53
1414,Dredge Operators,detailed_occupation,537031,53
1415,Hoist and Winch Operators,detailed_occupation,537041,53
1416,Industrial Truck and Tractor Operators,detailed_occupation,537051,53
1417,Cleaners of Vehicles and Equipment,detailed_occupation,537061,53
1418,"Laborers and Freight, Stock, and Material Movers, Hand",detailed_occupation,537062,53
1419,Machine Feeders and Offbearers,detailed_occupation,537063,53
1420,"Packers and Packagers, Hand",detailed_occupation,537064,53
1421,Stockers and Order Fillers,detailed_occupation,537065,53
1422,Gas Compressor and Gas Pumping Station Operators,detailed_occupation,537071,53
1423,"Pump Operators, Except Wellhead Pumpers",detailed_occupation,537072,53
1424,Wellhead Pumpers,detailed_occupation,537073,53
1425,Refuse and Recyclable Material Collectors,detailed_occupation,537081,53
1426,"Tank Car, Truck, and Ship Loaders",detailed_occupation,537121,53
1427,"Material Moving Workers, All Other",detailed_occupation,537199,53
1428,Air Crew Officers,detailed_occupation,551011,55
1429,Aircraft Launch and Recovery Officers,detailed_occupation,551012,55
1430,Armored Assault Vehicle Officers,detailed_occupation,551013,55
1431,Artillery and Missile Officers,detailed_occupation,551014,55
1432,Command and Control Center Officers,detailed_occupation,551015,55
1433,Infantry Officers,detailed_occupation,551016,55
1434,Special Forces Officers,detailed_occupation,551017,55
1435,"Military Officer Special and Tactical Operations Leaders, All Other",detailed_occupation,551019,55
1436,First-Line Supervisors of Air Crew Members,detailed_occupation,552011,55
1437,First-Line Supervisors of Weapons Specialists/Crew Members,detailed_occupation,552012,55
1438,First-Line Supervisors of All Other Tactical Operations Specialists,detailed_occupation,552013,55
1439,Air Crew Members,detailed_occupation,553011,55
1440,Aircraft Launch and Recovery Specialists,detailed_occupation,553012,55
1441,Armored Assault Vehicle Crew Members,detailed_occupation,553013,55
1442,Artillery and Missile Crew Members,detailed_occupation,553014,55
1443,Command and Control Center Specialists,detailed_occupation,553015,55
1444,Infantry,detailed_occupation,553016,55
1445,Special Forces,detailed_occupation,553018,55
1446,"Military Enlisted Tactical Operations and Air/Weapons Specialists and Crew Members, All Other",detailed_occupation,553019,55
